Event,Date_Time,,TemperatureC,Field,Pop,Cage,Height,Treatment
1,2021-07-29 9:37:49,75.24,24.02,UP,HF,S_HFN_H1,20,Herbivore
2,2021-07-29 10:37:49,72.92,22.73,UP,HF,S_HFN_H1,20,Herbivore
3,2021-07-29 11:37:49,72.77,22.65,UP,HF,S_HFN_H1,20,Herbivore
4,2021-07-29 12:37:49,72.77,22.65,UP,HF,S_HFN_H1,20,Herbivore
5,2021-07-29 13:37:49,73.08,22.82,UP,HF,S_HFN_H1,20,Herbivore
6,2021-07-29 14:37:49,72.69,22.61,UP,HF,S_HFN_H1,20,Herbivore
7,2021-07-29 15:37:49,72.69,22.61,UP,HF,S_HFN_H1,20,Herbivore
8,2021-07-29 16:37:49,72.61,22.56,UP,HF,S_HFN_H1,20,Herbivore
9,2021-07-29 17:37:49,72.92,22.73,UP,HF,S_HFN_H1,20,Herbivore
10,2021-07-29 18:37:49,73.08,22.82,UP,HF,S_HFN_H1,20,Herbivore
11,2021-07-29 19:37:49,73.31,22.95,UP,HF,S_HFN_H1,20,Herbivore
12,2021-07-29 20:37:49,72.69,22.61,UP,HF,S_HFN_H1,20,Herbivore
13,2021-07-29 21:37:49,73.31,22.95,UP,HF,S_HFN_H1,20,Herbivore
14,2021-07-29 22:37:49,72.92,22.73,UP,HF,S_HFN_H1,20,Herbivore
15,2021-07-29 23:37:49,73.23,22.91,UP,HF,S_HFN_H1,20,Herbivore
16,2021-07-30 0:37:49,73.39,22.99,UP,HF,S_HFN_H1,20,Herbivore
17,2021-07-30 1:37:49,73.46,23.03,UP,HF,S_HFN_H1,20,Herbivore
18,2021-07-30 2:37:49,73.46,23.03,UP,HF,S_HFN_H1,20,Herbivore
19,2021-07-30 3:37:49,73.54,23.08,UP,HF,S_HFN_H1,20,Herbivore
20,2021-07-30 4:37:49,73.54,23.08,UP,HF,S_HFN_H1,20,Herbivore
21,2021-07-30 5:37:49,73.54,23.08,UP,HF,S_HFN_H1,20,Herbivore
22,2021-07-30 6:37:49,73.54,23.08,UP,HF,S_HFN_H1,20,Herbivore
23,2021-07-30 7:37:49,73.46,23.03,UP,HF,S_HFN_H1,20,Herbivore
24,2021-07-30 8:37:49,73.69,23.16,UP,HF,S_HFN_H1,20,Herbivore
25,2021-07-30 9:37:49,73.54,23.08,UP,HF,S_HFN_H1,20,Herbivore
26,2021-07-30 10:37:49,73.46,23.03,UP,HF,S_HFN_H1,20,Herbivore
27,2021-07-30 11:37:49,72.92,22.73,UP,HF,S_HFN_H1,20,Herbivore
28,2021-07-30 12:37:49,72.77,22.65,UP,HF,S_HFN_H1,20,Herbivore
29,2021-07-30 13:37:49,72.92,22.73,UP,HF,S_HFN_H1,20,Herbivore
30,2021-07-30 14:37:49,72.92,22.73,UP,HF,S_HFN_H1,20,Herbivore
31,2021-07-30 15:37:49,72.84,22.69,UP,HF,S_HFN_H1,20,Herbivore
32,2021-07-30 16:37:49,72.77,22.65,UP,HF,S_HFN_H1,20,Herbivore
33,2021-07-30 17:37:49,72.77,22.65,UP,HF,S_HFN_H1,20,Herbivore
34,2021-07-30 18:37:49,73.15,22.86,UP,HF,S_HFN_H1,20,Herbivore
35,2021-07-30 19:37:49,73.08,22.82,UP,HF,S_HFN_H1,20,Herbivore
36,2021-07-30 20:37:49,73.00,22.78,UP,HF,S_HFN_H1,20,Herbivore
37,2021-07-30 21:37:49,73.08,22.82,UP,HF,S_HFN_H1,20,Herbivore
38,2021-07-30 22:37:49,73.15,22.86,UP,HF,S_HFN_H1,20,Herbivore
39,2021-07-30 23:37:49,73.31,22.95,UP,HF,S_HFN_H1,20,Herbivore
40,2021-07-31 0:37:49,73.39,22.99,UP,HF,S_HFN_H1,20,Herbivore
41,2021-07-31 1:37:49,73.31,22.95,UP,HF,S_HFN_H1,20,Herbivore
42,2021-07-31 2:37:49,73.31,22.95,UP,HF,S_HFN_H1,20,Herbivore
43,2021-07-31 3:37:49,73.39,22.99,UP,HF,S_HFN_H1,20,Herbivore
44,2021-07-31 4:37:49,74.08,23.38,UP,HF,S_HFN_H1,20,Herbivore
45,2021-07-31 5:37:49,74.16,23.42,UP,HF,S_HFN_H1,20,Herbivore
46,2021-07-31 6:37:49,74.47,23.59,UP,HF,S_HFN_H1,20,Herbivore
47,2021-07-31 7:37:49,74.70,23.72,UP,HF,S_HFN_H1,20,Herbivore
48,2021-07-31 8:37:49,73.93,23.29,UP,HF,S_HFN_H1,20,Herbivore
49,2021-07-31 9:37:49,73.54,23.08,UP,HF,S_HFN_H1,20,Herbivore
50,2021-07-31 10:37:49,73.23,22.91,UP,HF,S_HFN_H1,20,Herbivore
51,2021-07-31 11:37:49,72.77,22.65,UP,HF,S_HFN_H1,20,Herbivore
52,2021-07-31 12:37:49,73.39,22.99,UP,HF,S_HFN_H1,20,Herbivore
53,2021-07-31 13:37:49,73.31,22.95,UP,HF,S_HFN_H1,20,Herbivore
54,2021-07-31 14:37:49,73.54,23.08,UP,HF,S_HFN_H1,20,Herbivore
55,2021-07-31 15:37:49,73.46,23.03,UP,HF,S_HFN_H1,20,Herbivore
56,2021-07-31 16:37:49,72.92,22.73,UP,HF,S_HFN_H1,20,Herbivore
57,2021-07-31 17:37:49,73.46,23.03,UP,HF,S_HFN_H1,20,Herbivore
58,2021-07-31 18:37:49,73.31,22.95,UP,HF,S_HFN_H1,20,Herbivore
59,2021-07-31 19:37:49,73.31,22.95,UP,HF,S_HFN_H1,20,Herbivore
60,2021-07-31 20:37:49,73.39,22.99,UP,HF,S_HFN_H1,20,Herbivore
61,2021-07-31 21:37:49,73.46,23.03,UP,HF,S_HFN_H1,20,Herbivore
62,2021-07-31 22:37:49,73.54,23.08,UP,HF,S_HFN_H1,20,Herbivore
63,2021-07-31 23:37:49,73.46,23.03,UP,HF,S_HFN_H1,20,Herbivore
64,2021-08-01 0:37:49,73.54,23.08,UP,HF,S_HFN_H1,20,Herbivore
65,2021-08-01 1:37:49,73.62,23.12,UP,HF,S_HFN_H1,20,Herbivore
66,2021-08-01 2:37:49,73.62,23.12,UP,HF,S_HFN_H1,20,Herbivore
67,2021-08-01 3:37:49,73.93,23.29,UP,HF,S_HFN_H1,20,Herbivore
68,2021-08-01 4:37:49,74.47,23.59,UP,HF,S_HFN_H1,20,Herbivore
69,2021-08-01 5:37:49,74.62,23.68,UP,HF,S_HFN_H1,20,Herbivore
70,2021-08-01 6:37:49,74.78,23.76,UP,HF,S_HFN_H1,20,Herbivore
71,2021-08-01 7:37:49,75.16,23.98,UP,HF,S_HFN_H1,20,Herbivore
72,2021-08-01 8:37:49,74.00,23.34,UP,HF,S_HFN_H1,20,Herbivore
73,2021-08-01 9:37:49,73.62,23.12,UP,HF,S_HFN_H1,20,Herbivore
74,2021-08-01 10:37:49,73.69,23.16,UP,HF,S_HFN_H1,20,Herbivore
75,2021-08-01 11:37:49,73.00,22.78,UP,HF,S_HFN_H1,20,Herbivore
76,2021-08-01 12:37:49,73.00,22.78,UP,HF,S_HFN_H1,20,Herbivore
77,2021-08-01 13:37:49,73.54,23.08,UP,HF,S_HFN_H1,20,Herbivore
78,2021-08-01 14:37:49,72.92,22.73,UP,HF,S_HFN_H1,20,Herbivore
79,2021-08-01 15:37:49,72.92,22.73,UP,HF,S_HFN_H1,20,Herbivore
80,2021-08-01 16:37:49,73.15,22.86,UP,HF,S_HFN_H1,20,Herbivore
81,2021-08-01 17:37:49,73.08,22.82,UP,HF,S_HFN_H1,20,Herbivore
82,2021-08-01 18:37:49,72.84,22.69,UP,HF,S_HFN_H1,20,Herbivore
83,2021-08-01 19:37:49,73.15,22.86,UP,HF,S_HFN_H1,20,Herbivore
84,2021-08-01 20:37:49,73.46,23.03,UP,HF,S_HFN_H1,20,Herbivore
85,2021-08-01 21:37:49,73.46,23.03,UP,HF,S_HFN_H1,20,Herbivore
86,2021-08-01 22:37:49,73.54,23.08,UP,HF,S_HFN_H1,20,Herbivore
87,2021-08-01 23:37:49,73.62,23.12,UP,HF,S_HFN_H1,20,Herbivore
88,2021-08-02 0:37:49,73.69,23.16,UP,HF,S_HFN_H1,20,Herbivore
89,2021-08-02 1:37:49,73.62,23.12,UP,HF,S_HFN_H1,20,Herbivore
90,2021-08-02 2:37:49,73.77,23.21,UP,HF,S_HFN_H1,20,Herbivore
91,2021-08-02 3:37:49,73.62,23.12,UP,HF,S_HFN_H1,20,Herbivore
92,2021-08-02 4:37:49,73.77,23.21,UP,HF,S_HFN_H1,20,Herbivore
93,2021-08-02 5:37:49,73.77,23.21,UP,HF,S_HFN_H1,20,Herbivore
94,2021-08-02 6:37:49,73.85,23.25,UP,HF,S_HFN_H1,20,Herbivore
95,2021-08-02 7:37:49,73.77,23.21,UP,HF,S_HFN_H1,20,Herbivore
96,2021-08-02 8:37:49,73.39,22.99,UP,HF,S_HFN_H1,20,Herbivore
97,2021-08-02 9:37:49,73.62,23.12,UP,HF,S_HFN_H1,20,Herbivore
98,2021-08-02 10:37:49,73.69,23.16,UP,HF,S_HFN_H1,20,Herbivore
99,2021-08-02 11:37:49,73.15,22.86,UP,HF,S_HFN_H1,20,Herbivore
100,2021-08-02 12:37:49,73.39,22.99,UP,HF,S_HFN_H1,20,Herbivore
101,2021-08-02 13:37:49,73.23,22.91,UP,HF,S_HFN_H1,20,Herbivore
102,2021-08-02 14:37:49,73.08,22.82,UP,HF,S_HFN_H1,20,Herbivore
103,2021-08-02 15:37:49,72.77,22.65,UP,HF,S_HFN_H1,20,Herbivore
104,2021-08-02 16:37:49,72.84,22.69,UP,HF,S_HFN_H1,20,Herbivore
105,2021-08-02 17:37:49,72.84,22.69,UP,HF,S_HFN_H1,20,Herbivore
106,2021-08-02 18:37:49,73.31,22.95,UP,HF,S_HFN_H1,20,Herbivore
107,2021-08-02 19:37:49,73.39,22.99,UP,HF,S_HFN_H1,20,Herbivore
108,2021-08-02 20:37:49,73.39,22.99,UP,HF,S_HFN_H1,20,Herbivore
109,2021-08-02 21:37:49,73.39,22.99,UP,HF,S_HFN_H1,20,Herbivore
110,2021-08-02 22:37:49,73.31,22.95,UP,HF,S_HFN_H1,20,Herbivore
111,2021-08-02 23:37:49,73.46,23.03,UP,HF,S_HFN_H1,20,Herbivore
112,2021-08-03 0:37:49,73.54,23.08,UP,HF,S_HFN_H1,20,Herbivore
113,2021-08-03 1:37:49,73.62,23.12,UP,HF,S_HFN_H1,20,Herbivore
114,2021-08-03 2:37:49,73.69,23.16,UP,HF,S_HFN_H1,20,Herbivore
115,2021-08-03 3:37:49,73.62,23.12,UP,HF,S_HFN_H1,20,Herbivore
116,2021-08-03 4:37:49,73.54,23.08,UP,HF,S_HFN_H1,20,Herbivore
117,2021-08-03 5:37:49,74.00,23.34,UP,HF,S_HFN_H1,20,Herbivore
118,2021-08-03 6:37:49,74.54,23.64,UP,HF,S_HFN_H1,20,Herbivore
119,2021-08-03 7:37:49,73.15,22.86,UP,HF,S_HFN_H1,20,Herbivore
120,2021-08-03 8:37:49,73.39,22.99,UP,HF,S_HFN_H1,20,Herbivore
121,2021-08-03 9:37:49,73.46,23.03,UP,HF,S_HFN_H1,20,Herbivore
122,2021-08-03 10:37:49,73.23,22.91,UP,HF,S_HFN_H1,20,Herbivore
123,2021-08-03 11:37:49,72.92,22.73,UP,HF,S_HFN_H1,20,Herbivore
124,2021-08-03 12:37:49,72.84,22.69,UP,HF,S_HFN_H1,20,Herbivore
125,2021-08-03 13:37:49,72.77,22.65,UP,HF,S_HFN_H1,20,Herbivore
126,2021-08-03 14:37:49,72.77,22.65,UP,HF,S_HFN_H1,20,Herbivore
127,2021-08-03 15:37:49,72.92,22.73,UP,HF,S_HFN_H1,20,Herbivore
128,2021-08-03 16:37:49,72.92,22.73,UP,HF,S_HFN_H1,20,Herbivore
129,2021-08-03 17:37:49,72.84,22.69,UP,HF,S_HFN_H1,20,Herbivore
130,2021-08-03 18:37:49,73.31,22.95,UP,HF,S_HFN_H1,20,Herbivore
131,2021-08-03 19:37:49,73.31,22.95,UP,HF,S_HFN_H1,20,Herbivore
132,2021-08-03 20:37:49,73.31,22.95,UP,HF,S_HFN_H1,20,Herbivore
133,2021-08-03 21:37:49,73.23,22.91,UP,HF,S_HFN_H1,20,Herbivore
134,2021-08-03 22:37:49,73.39,22.99,UP,HF,S_HFN_H1,20,Herbivore
135,2021-08-03 23:37:49,73.46,23.03,UP,HF,S_HFN_H1,20,Herbivore
136,2021-08-04 0:37:49,73.54,23.08,UP,HF,S_HFN_H1,20,Herbivore
137,2021-08-04 1:37:49,73.46,23.03,UP,HF,S_HFN_H1,20,Herbivore
138,2021-08-04 2:37:49,73.54,23.08,UP,HF,S_HFN_H1,20,Herbivore
139,2021-08-04 3:37:49,73.54,23.08,UP,HF,S_HFN_H1,20,Herbivore
140,2021-08-04 4:37:49,73.46,23.03,UP,HF,S_HFN_H1,20,Herbivore
141,2021-08-04 5:37:49,73.54,23.08,UP,HF,S_HFN_H1,20,Herbivore
142,2021-08-04 6:37:49,73.54,23.08,UP,HF,S_HFN_H1,20,Herbivore
143,2021-08-04 7:37:49,73.31,22.95,UP,HF,S_HFN_H1,20,Herbivore
144,2021-08-04 8:37:49,73.69,23.16,UP,HF,S_HFN_H1,20,Herbivore
145,2021-08-04 9:37:49,73.85,23.25,UP,HF,S_HFN_H1,20,Herbivore
146,2021-08-04 10:37:49,73.77,23.21,UP,HF,S_HFN_H1,20,Herbivore
147,2021-08-04 11:37:49,73.23,22.91,UP,HF,S_HFN_H1,20,Herbivore
148,2021-08-04 12:37:49,73.54,23.08,UP,HF,S_HFN_H1,20,Herbivore
149,2021-08-04 13:37:49,73.46,23.03,UP,HF,S_HFN_H1,20,Herbivore
150,2021-08-04 14:37:49,73.15,22.86,UP,HF,S_HFN_H1,20,Herbivore
151,2021-08-04 15:37:49,73.23,22.91,UP,HF,S_HFN_H1,20,Herbivore
152,2021-08-04 16:37:49,73.08,22.82,UP,HF,S_HFN_H1,20,Herbivore
153,2021-08-04 17:37:49,72.84,22.69,UP,HF,S_HFN_H1,20,Herbivore
154,2021-08-04 18:37:49,73.08,22.82,UP,HF,S_HFN_H1,20,Herbivore
155,2021-08-04 19:37:49,73.39,22.99,UP,HF,S_HFN_H1,20,Herbivore
156,2021-08-04 20:37:49,73.54,23.08,UP,HF,S_HFN_H1,20,Herbivore
157,2021-08-04 21:37:49,73.54,23.08,UP,HF,S_HFN_H1,20,Herbivore
158,2021-08-04 22:37:49,73.46,23.03,UP,HF,S_HFN_H1,20,Herbivore
159,2021-08-04 23:37:49,73.46,23.03,UP,HF,S_HFN_H1,20,Herbivore
160,2021-08-05 0:37:49,73.62,23.12,UP,HF,S_HFN_H1,20,Herbivore
161,2021-08-05 1:37:49,73.62,23.12,UP,HF,S_HFN_H1,20,Herbivore
162,2021-08-05 2:37:49,73.46,23.03,UP,HF,S_HFN_H1,20,Herbivore
163,2021-08-05 3:37:49,73.54,23.08,UP,HF,S_HFN_H1,20,Herbivore
164,2021-08-05 4:37:49,73.62,23.12,UP,HF,S_HFN_H1,20,Herbivore
165,2021-08-05 5:37:49,73.62,23.12,UP,HF,S_HFN_H1,20,Herbivore
166,2021-08-05 6:37:49,73.54,23.08,UP,HF,S_HFN_H1,20,Herbivore
167,2021-08-05 7:37:49,73.46,23.03,UP,HF,S_HFN_H1,20,Herbivore
168,2021-08-05 8:37:49,73.93,23.29,UP,HF,S_HFN_H1,20,Herbivore
169,2021-08-05 9:37:49,73.77,23.21,UP,HF,S_HFN_H1,20,Herbivore
170,2021-08-05 10:37:49,73.54,23.08,UP,HF,S_HFN_H1,20,Herbivore
171,2021-08-05 11:37:49,73.31,22.95,UP,HF,S_HFN_H1,20,Herbivore
172,2021-08-05 12:37:49,73.00,22.78,UP,HF,S_HFN_H1,20,Herbivore
173,2021-08-05 13:37:49,72.84,22.69,UP,HF,S_HFN_H1,20,Herbivore
174,2021-08-05 14:37:49,72.77,22.65,UP,HF,S_HFN_H1,20,Herbivore
175,2021-08-05 15:37:49,72.69,22.61,UP,HF,S_HFN_H1,20,Herbivore
176,2021-08-05 16:37:49,72.61,22.56,UP,HF,S_HFN_H1,20,Herbivore
177,2021-08-05 17:37:49,72.61,22.56,UP,HF,S_HFN_H1,20,Herbivore
178,2021-08-05 18:37:49,72.69,22.61,UP,HF,S_HFN_H1,20,Herbivore
179,2021-08-05 19:37:49,72.92,22.73,UP,HF,S_HFN_H1,20,Herbivore
180,2021-08-05 20:37:49,73.00,22.78,UP,HF,S_HFN_H1,20,Herbivore
181,2021-08-05 21:37:49,73.00,22.78,UP,HF,S_HFN_H1,20,Herbivore
182,2021-08-05 22:37:49,73.00,22.78,UP,HF,S_HFN_H1,20,Herbivore
183,2021-08-05 23:37:49,73.08,22.82,UP,HF,S_HFN_H1,20,Herbivore
184,2021-08-06 0:37:49,73.23,22.91,UP,HF,S_HFN_H1,20,Herbivore
185,2021-08-06 1:37:49,73.31,22.95,UP,HF,S_HFN_H1,20,Herbivore
186,2021-08-06 2:37:49,73.23,22.91,UP,HF,S_HFN_H1,20,Herbivore
187,2021-08-06 3:37:49,73.23,22.91,UP,HF,S_HFN_H1,20,Herbivore
188,2021-08-06 4:37:49,73.31,22.95,UP,HF,S_HFN_H1,20,Herbivore
189,2021-08-06 5:37:49,73.08,22.82,UP,HF,S_HFN_H1,20,Herbivore
190,2021-08-06 6:37:49,73.23,22.91,UP,HF,S_HFN_H1,20,Herbivore
191,2021-08-06 7:37:49,73.31,22.95,UP,HF,S_HFN_H1,20,Herbivore
192,2021-08-06 8:37:49,73.46,23.03,UP,HF,S_HFN_H1,20,Herbivore
193,2021-08-06 9:37:49,73.62,23.12,UP,HF,S_HFN_H1,20,Herbivore
194,2021-08-06 10:37:49,73.00,22.78,UP,HF,S_HFN_H1,20,Herbivore
195,2021-08-06 11:37:49,72.84,22.69,UP,HF,S_HFN_H1,20,Herbivore
196,2021-08-06 12:37:49,72.61,22.56,UP,HF,S_HFN_H1,20,Herbivore
197,2021-08-06 13:37:49,72.69,22.61,UP,HF,S_HFN_H1,20,Herbivore
198,2021-08-06 14:37:49,72.69,22.61,UP,HF,S_HFN_H1,20,Herbivore
199,2021-08-06 15:37:49,72.54,22.52,UP,HF,S_HFN_H1,20,Herbivore
200,2021-08-06 16:37:49,72.61,22.56,UP,HF,S_HFN_H1,20,Herbivore
201,2021-08-06 17:37:49,84.74,29.30,UP,HF,S_HFN_H1,20,Herbivore
202,2021-08-06 18:37:49,86.28,30.16,UP,HF,S_HFN_H1,20,Herbivore
203,2021-08-06 19:37:49,86.13,30.07,UP,HF,S_HFN_H1,20,Herbivore
204,2021-08-06 20:37:49,84.20,29.00,UP,HF,S_HFN_H1,20,Herbivore
205,2021-08-06 21:37:49,82.03,27.80,UP,HF,S_HFN_H1,20,Herbivore
206,2021-08-06 22:37:49,79.95,26.64,UP,HF,S_HFN_H1,20,Herbivore
207,2021-08-06 23:37:49,78.02,25.57,UP,HF,S_HFN_H1,20,Herbivore
208,2021-08-07 0:37:49,76.24,24.58,UP,HF,S_HFN_H1,20,Herbivore
209,2021-08-07 1:37:49,74.54,23.64,UP,HF,S_HFN_H1,20,Herbivore
210,2021-08-07 2:37:49,73.08,22.82,UP,HF,S_HFN_H1,20,Herbivore
211,2021-08-07 3:37:49,71.76,22.09,UP,HF,S_HFN_H1,20,Herbivore
212,2021-08-07 4:37:49,70.68,21.49,UP,HF,S_HFN_H1,20,Herbivore
213,2021-08-07 5:37:49,69.83,21.02,UP,HF,S_HFN_H1,20,Herbivore
214,2021-08-07 6:37:49,68.98,20.55,UP,HF,S_HFN_H1,20,Herbivore
215,2021-08-07 7:37:49,68.83,20.46,UP,HF,S_HFN_H1,20,Herbivore
216,2021-08-07 8:37:49,69.99,21.10,UP,HF,S_HFN_H1,20,Herbivore
217,2021-08-07 9:37:49,72.30,22.39,UP,HF,S_HFN_H1,20,Herbivore
218,2021-08-07 10:37:49,76.17,24.54,UP,HF,S_HFN_H1,20,Herbivore
219,2021-08-07 11:37:49,82.03,27.80,UP,HF,S_HFN_H1,20,Herbivore
220,2021-08-07 12:37:49,89.60,32.00,UP,HF,S_HFN_H1,20,Herbivore
221,2021-08-07 13:37:49,92.54,33.63,UP,HF,S_HFN_H1,20,Herbivore
222,2021-08-07 14:37:49,88.21,31.23,UP,HF,S_HFN_H1,20,Herbivore
223,2021-08-07 15:37:49,79.87,26.60,UP,HF,S_HFN_H1,20,Herbivore
224,2021-08-07 16:37:49,78.71,25.95,UP,HF,S_HFN_H1,20,Herbivore
225,2021-08-07 17:37:49,74.78,23.76,UP,HF,S_HFN_H1,20,Herbivore
226,2021-08-07 18:37:49,81.65,27.58,UP,HF,S_HFN_H1,20,Herbivore
227,2021-08-07 19:37:49,75.16,23.98,UP,HF,S_HFN_H1,20,Herbivore
228,2021-08-07 20:37:49,73.31,22.95,UP,HF,S_HFN_H1,20,Herbivore
229,2021-08-07 21:37:49,71.92,22.18,UP,HF,S_HFN_H1,20,Herbivore
230,2021-08-07 22:37:49,74.23,23.46,UP,HF,S_HFN_H1,20,Herbivore
231,2021-08-07 23:37:49,76.24,24.58,UP,HF,S_HFN_H1,20,Herbivore
232,2021-08-08 0:37:49,77.01,25.01,UP,HF,S_HFN_H1,20,Herbivore
233,2021-08-08 1:37:49,75.86,24.36,UP,HF,S_HFN_H1,20,Herbivore
234,2021-08-08 2:37:49,74.62,23.68,UP,HF,S_HFN_H1,20,Herbivore
235,2021-08-08 3:37:49,73.77,23.21,UP,HF,S_HFN_H1,20,Herbivore
236,2021-08-08 4:37:49,73.39,22.99,UP,HF,S_HFN_H1,20,Herbivore
237,2021-08-08 5:37:49,72.84,22.69,UP,HF,S_HFN_H1,20,Herbivore
238,2021-08-08 6:37:49,72.30,22.39,UP,HF,S_HFN_H1,20,Herbivore
239,2021-08-08 7:37:49,72.92,22.73,UP,HF,S_HFN_H1,20,Herbivore
240,2021-08-08 8:37:49,74.85,23.81,UP,HF,S_HFN_H1,20,Herbivore
241,2021-08-08 9:37:49,76.55,24.75,UP,HF,S_HFN_H1,20,Herbivore
242,2021-08-08 10:37:49,81.57,27.54,UP,HF,S_HFN_H1,20,Herbivore
243,2021-08-08 11:37:49,85.28,29.60,UP,HF,S_HFN_H1,20,Herbivore
244,2021-08-08 12:37:49,86.44,30.24,UP,HF,S_HFN_H1,20,Herbivore
245,2021-08-08 13:37:49,88.98,31.66,UP,HF,S_HFN_H1,20,Herbivore
246,2021-08-08 14:37:49,95.62,35.35,UP,HF,S_HFN_H1,20,Herbivore
247,2021-08-08 15:37:49,100.95,38.31,UP,HF,S_HFN_H1,20,Herbivore
248,2021-08-08 16:37:49,92.92,33.85,UP,HF,S_HFN_H1,20,Herbivore
249,2021-08-08 17:37:49,82.34,27.97,UP,HF,S_HFN_H1,20,Herbivore
250,2021-08-08 18:37:49,78.79,25.99,UP,HF,S_HFN_H1,20,Herbivore
251,2021-08-08 19:37:49,75.86,24.36,UP,HF,S_HFN_H1,20,Herbivore
252,2021-08-08 20:37:49,72.23,22.35,UP,HF,S_HFN_H1,20,Herbivore
253,2021-08-08 21:37:49,70.30,21.28,UP,HF,S_HFN_H1,20,Herbivore
254,2021-08-08 22:37:49,68.67,20.37,UP,HF,S_HFN_H1,20,Herbivore
255,2021-08-08 23:37:49,67.83,19.90,UP,HF,S_HFN_H1,20,Herbivore
256,2021-08-09 0:37:49,66.98,19.43,UP,HF,S_HFN_H1,20,Herbivore
257,2021-08-09 1:37:49,67.21,19.56,UP,HF,S_HFN_H1,20,Herbivore
258,2021-08-09 2:37:49,67.75,19.86,UP,HF,S_HFN_H1,20,Herbivore
259,2021-08-09 3:37:49,67.98,19.99,UP,HF,S_HFN_H1,20,Herbivore
260,2021-08-09 4:37:49,66.28,19.04,UP,HF,S_HFN_H1,20,Herbivore
261,2021-08-09 5:37:49,66.51,19.17,UP,HF,S_HFN_H1,20,Herbivore
262,2021-08-09 6:37:49,67.75,19.86,UP,HF,S_HFN_H1,20,Herbivore
263,2021-08-09 7:37:49,71.61,22.01,UP,HF,S_HFN_H1,20,Herbivore
264,2021-08-09 8:37:49,78.48,25.82,UP,HF,S_HFN_H1,20,Herbivore
265,2021-08-09 9:37:49,79.79,26.55,UP,HF,S_HFN_H1,20,Herbivore
266,2021-08-09 10:37:49,85.51,29.73,UP,HF,S_HFN_H1,20,Herbivore
267,2021-08-09 11:37:49,84.66,29.26,UP,HF,S_HFN_H1,20,Herbivore
268,2021-08-09 12:37:49,83.73,28.74,UP,HF,S_HFN_H1,20,Herbivore
269,2021-08-09 13:37:49,85.05,29.47,UP,HF,S_HFN_H1,20,Herbivore
270,2021-08-09 14:37:49,90.06,32.26,UP,HF,S_HFN_H1,20,Herbivore
271,2021-08-09 15:37:49,95.39,35.22,UP,HF,S_HFN_H1,20,Herbivore
272,2021-08-09 16:37:49,102.34,39.08,UP,HF,S_HFN_H1,20,Herbivore
273,2021-08-09 17:37:49,99.64,37.58,UP,HF,S_HFN_H1,20,Herbivore
274,2021-08-09 18:37:49,94.00,34.45,UP,HF,S_HFN_H1,20,Herbivore
275,2021-08-09 19:37:49,79.41,26.34,UP,HF,S_HFN_H1,20,Herbivore
276,2021-08-09 20:37:49,70.61,21.45,UP,HF,S_HFN_H1,20,Herbivore
277,2021-08-09 21:37:49,68.29,20.16,UP,HF,S_HFN_H1,20,Herbivore
278,2021-08-09 22:37:49,67.59,19.77,UP,HF,S_HFN_H1,20,Herbivore
279,2021-08-09 23:37:49,66.36,19.09,UP,HF,S_HFN_H1,20,Herbivore
280,2021-08-10 0:37:49,66.44,19.13,UP,HF,S_HFN_H1,20,Herbivore
281,2021-08-10 1:37:49,67.75,19.86,UP,HF,S_HFN_H1,20,Herbivore
282,2021-08-10 2:37:49,66.98,19.43,UP,HF,S_HFN_H1,20,Herbivore
283,2021-08-10 3:37:49,66.90,19.39,UP,HF,S_HFN_H1,20,Herbivore
284,2021-08-10 4:37:49,66.74,19.30,UP,HF,S_HFN_H1,20,Herbivore
285,2021-08-10 5:37:49,66.67,19.26,UP,HF,S_HFN_H1,20,Herbivore
286,2021-08-10 6:37:49,67.67,19.82,UP,HF,S_HFN_H1,20,Herbivore
287,2021-08-10 7:37:49,71.69,22.05,UP,HF,S_HFN_H1,20,Herbivore
288,2021-08-10 8:37:49,74.70,23.72,UP,HF,S_HFN_H1,20,Herbivore
289,2021-08-10 9:37:49,80.72,27.07,UP,HF,S_HFN_H1,20,Herbivore
290,2021-08-10 10:37:49,84.35,29.08,UP,HF,S_HFN_H1,20,Herbivore
291,2021-08-10 11:37:49,86.67,30.37,UP,HF,S_HFN_H1,20,Herbivore
292,2021-08-10 12:37:49,88.83,31.57,UP,HF,S_HFN_H1,20,Herbivore
293,2021-08-10 13:37:49,90.91,32.73,UP,HF,S_HFN_H1,20,Herbivore
294,2021-08-10 14:37:49,96.78,35.99,UP,HF,S_HFN_H1,20,Herbivore
295,2021-08-10 15:37:49,100.72,38.18,UP,HF,S_HFN_H1,20,Herbivore
296,2021-08-10 16:37:49,100.34,37.96,UP,HF,S_HFN_H1,20,Herbivore
297,2021-08-10 17:37:49,88.75,31.53,UP,HF,S_HFN_H1,20,Herbivore
298,2021-08-10 18:37:49,91.38,32.99,UP,HF,S_HFN_H1,20,Herbivore
299,2021-08-10 19:37:49,80.64,27.02,UP,HF,S_HFN_H1,20,Herbivore
300,2021-08-10 20:37:49,78.87,26.04,UP,HF,S_HFN_H1,20,Herbivore
301,2021-08-10 21:37:49,78.10,25.61,UP,HF,S_HFN_H1,20,Herbivore
302,2021-08-10 22:37:49,77.09,25.05,UP,HF,S_HFN_H1,20,Herbivore
303,2021-08-10 23:37:49,76.32,24.62,UP,HF,S_HFN_H1,20,Herbivore
304,2021-08-11 0:37:49,76.47,24.71,UP,HF,S_HFN_H1,20,Herbivore
305,2021-08-11 1:37:49,76.01,24.45,UP,HF,S_HFN_H1,20,Herbivore
306,2021-08-11 2:37:49,75.55,24.19,UP,HF,S_HFN_H1,20,Herbivore
307,2021-08-11 3:37:49,73.39,22.99,UP,HF,S_HFN_H1,20,Herbivore
308,2021-08-11 4:37:49,72.38,22.43,UP,HF,S_HFN_H1,20,Herbivore
309,2021-08-11 5:37:49,73.08,22.82,UP,HF,S_HFN_H1,20,Herbivore
310,2021-08-11 6:37:49,73.00,22.78,UP,HF,S_HFN_H1,20,Herbivore
311,2021-08-11 7:37:49,73.15,22.86,UP,HF,S_HFN_H1,20,Herbivore
312,2021-08-11 8:37:49,74.16,23.42,UP,HF,S_HFN_H1,20,Herbivore
313,2021-08-11 9:37:49,76.94,24.97,UP,HF,S_HFN_H1,20,Herbivore
314,2021-08-11 10:37:49,78.02,25.57,UP,HF,S_HFN_H1,20,Herbivore
315,2021-08-11 11:37:49,84.81,29.34,UP,HF,S_HFN_H1,20,Herbivore
316,2021-08-11 12:37:49,86.74,30.41,UP,HF,S_HFN_H1,20,Herbivore
317,2021-08-11 13:37:49,92.23,33.46,UP,HF,S_HFN_H1,20,Herbivore
318,2021-08-11 14:37:49,98.33,36.85,UP,HF,S_HFN_H1,20,Herbivore
319,2021-08-11 15:37:49,101.80,38.78,UP,HF,S_HFN_H1,20,Herbivore
320,2021-08-11 16:37:49,101.80,38.78,UP,HF,S_HFN_H1,20,Herbivore
321,2021-08-11 17:37:49,93.31,34.06,UP,HF,S_HFN_H1,20,Herbivore
322,2021-08-11 18:37:49,89.76,32.09,UP,HF,S_HFN_H1,20,Herbivore
323,2021-08-11 19:37:49,82.96,28.31,UP,HF,S_HFN_H1,20,Herbivore
324,2021-08-11 20:37:49,77.17,25.09,UP,HF,S_HFN_H1,20,Herbivore
325,2021-08-11 21:37:49,76.40,24.66,UP,HF,S_HFN_H1,20,Herbivore
326,2021-08-11 22:37:49,74.54,23.64,UP,HF,S_HFN_H1,20,Herbivore
327,2021-08-11 23:37:49,73.39,22.99,UP,HF,S_HFN_H1,20,Herbivore
328,2021-08-12 0:37:49,71.38,21.88,UP,HF,S_HFN_H1,20,Herbivore
329,2021-08-12 1:37:49,72.69,22.61,UP,HF,S_HFN_H1,20,Herbivore
330,2021-08-12 2:37:49,70.91,21.62,UP,HF,S_HFN_H1,20,Herbivore
331,2021-08-12 3:37:49,72.61,22.56,UP,HF,S_HFN_H1,20,Herbivore
332,2021-08-12 4:37:49,72.61,22.56,UP,HF,S_HFN_H1,20,Herbivore
333,2021-08-12 5:37:49,73.69,23.16,UP,HF,S_HFN_H1,20,Herbivore
334,2021-08-12 6:37:49,74.08,23.38,UP,HF,S_HFN_H1,20,Herbivore
335,2021-08-12 7:37:49,75.55,24.19,UP,HF,S_HFN_H1,20,Herbivore
336,2021-08-12 8:37:49,78.79,25.99,UP,HF,S_HFN_H1,20,Herbivore
337,2021-08-12 9:37:49,84.35,29.08,UP,HF,S_HFN_H1,20,Herbivore
338,2021-08-12 10:37:49,86.74,30.41,UP,HF,S_HFN_H1,20,Herbivore
339,2021-08-12 11:37:49,91.45,33.03,UP,HF,S_HFN_H1,20,Herbivore
340,2021-08-12 12:37:49,88.98,31.66,UP,HF,S_HFN_H1,20,Herbivore
341,2021-08-12 13:37:49,88.83,31.57,UP,HF,S_HFN_H1,20,Herbivore
342,2021-08-12 14:37:49,86.36,30.20,UP,HF,S_HFN_H1,20,Herbivore
343,2021-08-12 15:37:49,87.98,31.10,UP,HF,S_HFN_H1,20,Herbivore
344,2021-08-12 16:37:49,85.82,29.90,UP,HF,S_HFN_H1,20,Herbivore
345,2021-08-12 17:37:49,91.15,32.86,UP,HF,S_HFN_H1,20,Herbivore
346,2021-08-12 18:37:49,87.52,30.84,UP,HF,S_HFN_H1,20,Herbivore
347,2021-08-12 19:37:49,82.03,27.80,UP,HF,S_HFN_H1,20,Herbivore
348,2021-08-12 20:37:49,76.47,24.71,UP,HF,S_HFN_H1,20,Herbivore
349,2021-08-12 21:37:49,75.32,24.06,UP,HF,S_HFN_H1,20,Herbivore
350,2021-08-12 22:37:49,71.30,21.83,UP,HF,S_HFN_H1,20,Herbivore
351,2021-08-12 23:37:49,71.53,21.96,UP,HF,S_HFN_H1,20,Herbivore
352,2021-08-13 0:37:49,71.53,21.96,UP,HF,S_HFN_H1,20,Herbivore
353,2021-08-13 1:37:49,69.29,20.72,UP,HF,S_HFN_H1,20,Herbivore
354,2021-08-13 2:37:49,69.37,20.76,UP,HF,S_HFN_H1,20,Herbivore
355,2021-08-13 3:37:49,68.98,20.55,UP,HF,S_HFN_H1,20,Herbivore
356,2021-08-13 4:37:49,68.13,20.07,UP,HF,S_HFN_H1,20,Herbivore
357,2021-08-13 5:37:49,65.51,18.62,UP,HF,S_HFN_H1,20,Herbivore
358,2021-08-13 6:37:49,66.51,19.17,UP,HF,S_HFN_H1,20,Herbivore
359,2021-08-13 7:37:49,71.30,21.83,UP,HF,S_HFN_H1,20,Herbivore
360,2021-08-13 8:37:49,77.71,25.39,UP,HF,S_HFN_H1,20,Herbivore
361,2021-08-13 9:37:49,83.42,28.57,UP,HF,S_HFN_H1,20,Herbivore
362,2021-08-13 10:37:49,88.29,31.27,UP,HF,S_HFN_H1,20,Herbivore
363,2021-08-13 11:37:49,89.99,32.22,UP,HF,S_HFN_H1,20,Herbivore
364,2021-08-13 12:37:49,92.23,33.46,UP,HF,S_HFN_H1,20,Herbivore
365,2021-08-13 13:37:49,94.39,34.66,UP,HF,S_HFN_H1,20,Herbivore
366,2021-08-13 14:37:49,95.08,35.05,UP,HF,S_HFN_H1,20,Herbivore
367,2021-08-13 15:37:49,102.57,39.21,UP,HF,S_HFN_H1,20,Herbivore
368,2021-08-13 16:37:49,102.96,39.42,UP,HF,S_HFN_H1,20,Herbivore
369,2021-08-13 17:37:49,92.92,33.85,UP,HF,S_HFN_H1,20,Herbivore
370,2021-08-13 18:37:49,84.66,29.26,UP,HF,S_HFN_H1,20,Herbivore
371,2021-08-13 19:37:49,78.71,25.95,UP,HF,S_HFN_H1,20,Herbivore
372,2021-08-13 20:37:49,75.32,24.06,UP,HF,S_HFN_H1,20,Herbivore
373,2021-08-13 21:37:49,74.31,23.51,UP,HF,S_HFN_H1,20,Herbivore
374,2021-08-13 22:37:49,74.47,23.59,UP,HF,S_HFN_H1,20,Herbivore
375,2021-08-13 23:37:49,74.08,23.38,UP,HF,S_HFN_H1,20,Herbivore
376,2021-08-14 0:37:49,73.08,22.82,UP,HF,S_HFN_H1,20,Herbivore
377,2021-08-14 1:37:49,72.84,22.69,UP,HF,S_HFN_H1,20,Herbivore
378,2021-08-14 2:37:49,71.76,22.09,UP,HF,S_HFN_H1,20,Herbivore
379,2021-08-14 3:37:49,71.07,21.70,UP,HF,S_HFN_H1,20,Herbivore
380,2021-08-14 4:37:49,70.45,21.36,UP,HF,S_HFN_H1,20,Herbivore
381,2021-08-14 5:37:49,71.07,21.70,UP,HF,S_HFN_H1,20,Herbivore
382,2021-08-14 6:37:49,70.99,21.66,UP,HF,S_HFN_H1,20,Herbivore
383,2021-08-14 7:37:49,69.29,20.72,UP,HF,S_HFN_H1,20,Herbivore
384,2021-08-14 8:37:49,68.44,20.25,UP,HF,S_HFN_H1,20,Herbivore
385,2021-08-14 9:37:49,69.83,21.02,UP,HF,S_HFN_H1,20,Herbivore
386,2021-08-14 10:37:49,71.76,22.09,UP,HF,S_HFN_H1,20,Herbivore
387,2021-08-14 11:37:49,77.25,25.14,UP,HF,S_HFN_H1,20,Herbivore
388,2021-08-14 12:37:49,72.92,22.73,UP,HF,S_HFN_H1,20,Herbivore
389,2021-08-14 13:37:49,79.95,26.64,UP,HF,S_HFN_H1,20,Herbivore
390,2021-08-14 14:37:49,87.90,31.06,UP,HF,S_HFN_H1,20,Herbivore
391,2021-08-14 15:37:49,91.15,32.86,UP,HF,S_HFN_H1,20,Herbivore
392,2021-08-14 16:37:49,93.54,34.19,UP,HF,S_HFN_H1,20,Herbivore
393,2021-08-14 17:37:49,90.06,32.26,UP,HF,S_HFN_H1,20,Herbivore
394,2021-08-14 18:37:49,84.89,29.38,UP,HF,S_HFN_H1,20,Herbivore
395,2021-08-14 19:37:49,71.92,22.18,UP,HF,S_HFN_H1,20,Herbivore
396,2021-08-14 20:37:49,66.36,19.09,UP,HF,S_HFN_H1,20,Herbivore
397,2021-08-14 21:37:49,65.59,18.66,UP,HF,S_HFN_H1,20,Herbivore
398,2021-08-14 22:37:49,63.27,17.37,UP,HF,S_HFN_H1,20,Herbivore
399,2021-08-14 23:37:49,61.49,16.39,UP,HF,S_HFN_H1,20,Herbivore
400,2021-08-15 0:37:49,60.80,16.00,UP,HF,S_HFN_H1,20,Herbivore
401,2021-08-15 1:37:49,58.64,14.80,UP,HF,S_HFN_H1,20,Herbivore
402,2021-08-15 2:37:49,56.55,13.64,UP,HF,S_HFN_H1,20,Herbivore
403,2021-08-15 3:37:49,55.55,13.08,UP,HF,S_HFN_H1,20,Herbivore
404,2021-08-15 4:37:49,54.39,12.44,UP,HF,S_HFN_H1,20,Herbivore
405,2021-08-15 5:37:49,53.62,12.01,UP,HF,S_HFN_H1,20,Herbivore
406,2021-08-15 6:37:49,54.08,12.27,UP,HF,S_HFN_H1,20,Herbivore
407,2021-08-15 7:37:49,58.79,14.88,UP,HF,S_HFN_H1,20,Herbivore
408,2021-08-15 8:37:49,67.36,19.65,UP,HF,S_HFN_H1,20,Herbivore
409,2021-08-15 9:37:49,73.85,23.25,UP,HF,S_HFN_H1,20,Herbivore
410,2021-08-15 10:37:49,76.63,24.79,UP,HF,S_HFN_H1,20,Herbivore
411,2021-08-15 11:37:49,76.47,24.71,UP,HF,S_HFN_H1,20,Herbivore
412,2021-08-15 12:37:49,77.86,25.48,UP,HF,S_HFN_H1,20,Herbivore
413,2021-08-15 13:37:49,81.42,27.45,UP,HF,S_HFN_H1,20,Herbivore
414,2021-08-15 14:37:49,87.44,30.80,UP,HF,S_HFN_H1,20,Herbivore
415,2021-08-15 15:37:49,91.45,33.03,UP,HF,S_HFN_H1,20,Herbivore
416,2021-08-15 16:37:49,93.69,34.27,UP,HF,S_HFN_H1,20,Herbivore
417,2021-08-15 17:37:49,91.92,33.29,UP,HF,S_HFN_H1,20,Herbivore
418,2021-08-15 18:37:49,83.04,28.35,UP,HF,S_HFN_H1,20,Herbivore
419,2021-08-15 19:37:49,66.82,19.35,UP,HF,S_HFN_H1,20,Herbivore
420,2021-08-15 20:37:49,58.10,14.50,UP,HF,S_HFN_H1,20,Herbivore
421,2021-08-15 21:37:49,56.40,13.55,UP,HF,S_HFN_H1,20,Herbivore
422,2021-08-15 22:37:49,54.39,12.44,UP,HF,S_HFN_H1,20,Herbivore
423,2021-08-15 23:37:49,52.69,11.49,UP,HF,S_HFN_H1,20,Herbivore
424,2021-08-16 0:37:49,52.07,11.15,UP,HF,S_HFN_H1,20,Herbivore
425,2021-08-16 1:37:49,51.38,10.77,UP,HF,S_HFN_H1,20,Herbivore
426,2021-08-16 2:37:49,51.07,10.59,UP,HF,S_HFN_H1,20,Herbivore
427,2021-08-16 3:37:49,50.45,10.25,UP,HF,S_HFN_H1,20,Herbivore
428,2021-08-16 4:37:49,49.83,9.91,UP,HF,S_HFN_H1,20,Herbivore
429,2021-08-16 5:37:49,49.22,9.56,UP,HF,S_HFN_H1,20,Herbivore
430,2021-08-16 6:37:49,49.91,9.95,UP,HF,S_HFN_H1,20,Herbivore
431,2021-08-16 7:37:49,53.93,12.18,UP,HF,S_HFN_H1,20,Herbivore
432,2021-08-16 8:37:49,60.88,16.04,UP,HF,S_HFN_H1,20,Herbivore
433,2021-08-16 9:37:49,69.76,20.98,UP,HF,S_HFN_H1,20,Herbivore
434,2021-08-16 10:37:49,77.17,25.09,UP,HF,S_HFN_H1,20,Herbivore
435,2021-08-16 11:37:49,79.49,26.38,UP,HF,S_HFN_H1,20,Herbivore
436,2021-08-16 12:37:49,82.42,28.01,UP,HF,S_HFN_H1,20,Herbivore
437,2021-08-16 13:37:49,84.04,28.91,UP,HF,S_HFN_H1,20,Herbivore
438,2021-08-16 14:37:49,87.13,30.63,UP,HF,S_HFN_H1,20,Herbivore
439,2021-08-16 15:37:49,84.12,28.95,UP,HF,S_HFN_H1,20,Herbivore
440,2021-08-16 16:37:49,95.32,35.18,UP,HF,S_HFN_H1,20,Herbivore
441,2021-08-16 17:37:49,91.53,33.07,UP,HF,S_HFN_H1,20,Herbivore
442,2021-08-16 18:37:49,78.33,25.74,UP,HF,S_HFN_H1,20,Herbivore
443,2021-08-16 19:37:49,67.36,19.65,UP,HF,S_HFN_H1,20,Herbivore
444,2021-08-16 20:37:49,61.26,16.26,UP,HF,S_HFN_H1,20,Herbivore
445,2021-08-16 21:37:49,58.64,14.80,UP,HF,S_HFN_H1,20,Herbivore
446,2021-08-16 22:37:49,57.09,13.94,UP,HF,S_HFN_H1,20,Herbivore
447,2021-08-16 23:37:49,56.24,13.47,UP,HF,S_HFN_H1,20,Herbivore
448,2021-08-17 0:37:49,57.17,13.98,UP,HF,S_HFN_H1,20,Herbivore
449,2021-08-17 1:37:49,56.78,13.77,UP,HF,S_HFN_H1,20,Herbivore
450,2021-08-17 2:37:49,55.78,13.21,UP,HF,S_HFN_H1,20,Herbivore
451,2021-08-17 3:37:49,55.24,12.91,UP,HF,S_HFN_H1,20,Herbivore
452,2021-08-17 4:37:49,55.70,13.17,UP,HF,S_HFN_H1,20,Herbivore
453,2021-08-17 5:37:49,56.94,13.85,UP,HF,S_HFN_H1,20,Herbivore
454,2021-08-17 6:37:49,59.10,15.06,UP,HF,S_HFN_H1,20,Herbivore
455,2021-08-17 7:37:49,61.80,16.56,UP,HF,S_HFN_H1,20,Herbivore
456,2021-08-17 8:37:49,63.89,17.72,UP,HF,S_HFN_H1,20,Herbivore
457,2021-08-17 9:37:49,62.88,17.16,UP,HF,S_HFN_H1,20,Herbivore
458,2021-08-17 10:37:49,67.67,19.82,UP,HF,S_HFN_H1,20,Herbivore
459,2021-08-17 11:37:49,71.45,21.92,UP,HF,S_HFN_H1,20,Herbivore
460,2021-08-17 12:37:49,69.68,20.93,UP,HF,S_HFN_H1,20,Herbivore
461,2021-08-17 13:37:49,71.53,21.96,UP,HF,S_HFN_H1,20,Herbivore
462,2021-08-17 14:37:49,74.23,23.46,UP,HF,S_HFN_H1,20,Herbivore
463,2021-08-17 15:37:49,73.93,23.29,UP,HF,S_HFN_H1,20,Herbivore
464,2021-08-17 16:37:49,73.54,23.08,UP,HF,S_HFN_H1,20,Herbivore
465,2021-08-17 17:37:49,71.30,21.83,UP,HF,S_HFN_H1,20,Herbivore
466,2021-08-17 18:37:49,69.45,20.80,UP,HF,S_HFN_H1,20,Herbivore
467,2021-08-17 19:37:49,69.14,20.63,UP,HF,S_HFN_H1,20,Herbivore
468,2021-08-17 20:37:49,68.52,20.29,UP,HF,S_HFN_H1,20,Herbivore
469,2021-08-17 21:37:49,68.21,20.12,UP,HF,S_HFN_H1,20,Herbivore
470,2021-08-17 22:37:49,68.52,20.29,UP,HF,S_HFN_H1,20,Herbivore
471,2021-08-17 23:37:49,68.91,20.50,UP,HF,S_HFN_H1,20,Herbivore
472,2021-08-18 0:37:49,69.06,20.59,UP,HF,S_HFN_H1,20,Herbivore
473,2021-08-18 1:37:49,69.22,20.68,UP,HF,S_HFN_H1,20,Herbivore
474,2021-08-18 2:37:49,69.22,20.68,UP,HF,S_HFN_H1,20,Herbivore
475,2021-08-18 3:37:49,69.37,20.76,UP,HF,S_HFN_H1,20,Herbivore
476,2021-08-18 4:37:49,68.98,20.55,UP,HF,S_HFN_H1,20,Herbivore
477,2021-08-18 5:37:49,68.60,20.33,UP,HF,S_HFN_H1,20,Herbivore
478,2021-08-18 6:37:49,68.91,20.50,UP,HF,S_HFN_H1,20,Herbivore
479,2021-08-18 7:37:49,69.99,21.10,UP,HF,S_HFN_H1,20,Herbivore
480,2021-08-18 8:37:49,70.45,21.36,UP,HF,S_HFN_H1,20,Herbivore
481,2021-08-18 9:37:49,72.46,22.48,UP,HF,S_HFN_H1,20,Herbivore
482,2021-08-18 10:37:49,73.39,22.99,UP,HF,S_HFN_H1,20,Herbivore
483,2021-08-18 11:37:49,75.16,23.98,UP,HF,S_HFN_H1,20,Herbivore
484,2021-08-18 12:37:49,79.02,26.12,UP,HF,S_HFN_H1,20,Herbivore
485,2021-08-18 13:37:49,79.02,26.12,UP,HF,S_HFN_H1,20,Herbivore
486,2021-08-18 14:37:49,80.18,26.77,UP,HF,S_HFN_H1,20,Herbivore
487,2021-08-18 15:37:49,78.87,26.04,UP,HF,S_HFN_H1,20,Herbivore
488,2021-08-18 16:37:49,79.56,26.42,UP,HF,S_HFN_H1,20,Herbivore
489,2021-08-18 17:37:49,79.41,26.34,UP,HF,S_HFN_H1,20,Herbivore
490,2021-08-18 18:37:49,79.41,26.34,UP,HF,S_HFN_H1,20,Herbivore
491,2021-08-18 19:37:49,73.77,23.21,UP,HF,S_HFN_H1,20,Herbivore
492,2021-08-18 20:37:49,70.68,21.49,UP,HF,S_HFN_H1,20,Herbivore
493,2021-08-18 21:37:49,71.45,21.92,UP,HF,S_HFN_H1,20,Herbivore
494,2021-08-18 22:37:49,70.61,21.45,UP,HF,S_HFN_H1,20,Herbivore
495,2021-08-18 23:37:49,70.45,21.36,UP,HF,S_HFN_H1,20,Herbivore
496,2021-08-19 0:37:49,70.53,21.40,UP,HF,S_HFN_H1,20,Herbivore
497,2021-08-19 1:37:49,69.68,20.93,UP,HF,S_HFN_H1,20,Herbivore
498,2021-08-19 2:37:49,69.68,20.93,UP,HF,S_HFN_H1,20,Herbivore
499,2021-08-19 3:37:49,69.37,20.76,UP,HF,S_HFN_H1,20,Herbivore
500,2021-08-19 4:37:49,69.37,20.76,UP,HF,S_HFN_H1,20,Herbivore
501,2021-08-19 5:37:49,69.60,20.89,UP,HF,S_HFN_H1,20,Herbivore
502,2021-08-19 6:37:49,69.68,20.93,UP,HF,S_HFN_H1,20,Herbivore
503,2021-08-19 7:37:49,69.83,21.02,UP,HF,S_HFN_H1,20,Herbivore
504,2021-08-19 8:37:49,70.30,21.28,UP,HF,S_HFN_H1,20,Herbivore
505,2021-08-19 9:37:49,71.61,22.01,UP,HF,S_HFN_H1,20,Herbivore
506,2021-08-19 10:37:49,71.15,21.75,UP,HF,S_HFN_H1,20,Herbivore
507,2021-08-19 11:37:49,75.62,24.24,UP,HF,S_HFN_H1,20,Herbivore
508,2021-08-19 12:37:49,79.18,26.21,UP,HF,S_HFN_H1,20,Herbivore
509,2021-08-19 13:37:49,76.01,24.45,UP,HF,S_HFN_H1,20,Herbivore
510,2021-08-19 14:37:49,75.08,23.94,UP,HF,S_HFN_H1,20,Herbivore
511,2021-08-19 15:37:49,76.01,24.45,UP,HF,S_HFN_H1,20,Herbivore
512,2021-08-19 16:37:49,73.62,23.12,UP,HF,S_HFN_H1,20,Herbivore
513,2021-08-19 17:37:49,72.77,22.65,UP,HF,S_HFN_H1,20,Herbivore
514,2021-08-19 18:37:49,71.69,22.05,UP,HF,S_HFN_H1,20,Herbivore
515,2021-08-19 19:37:49,70.45,21.36,UP,HF,S_HFN_H1,20,Herbivore
516,2021-08-19 20:37:49,70.06,21.15,UP,HF,S_HFN_H1,20,Herbivore
517,2021-08-19 21:37:49,69.68,20.93,UP,HF,S_HFN_H1,20,Herbivore
518,2021-08-19 22:37:49,69.60,20.89,UP,HF,S_HFN_H1,20,Herbivore
519,2021-08-19 23:37:49,69.45,20.80,UP,HF,S_HFN_H1,20,Herbivore
520,2021-08-20 0:37:49,69.68,20.93,UP,HF,S_HFN_H1,20,Herbivore
521,2021-08-20 1:37:49,69.37,20.76,UP,HF,S_HFN_H1,20,Herbivore
522,2021-08-20 2:37:49,69.22,20.68,UP,HF,S_HFN_H1,20,Herbivore
523,2021-08-20 3:37:49,69.91,21.06,UP,HF,S_HFN_H1,20,Herbivore
524,2021-08-20 4:37:49,69.91,21.06,UP,HF,S_HFN_H1,20,Herbivore
525,2021-08-20 5:37:49,69.06,20.59,UP,HF,S_HFN_H1,20,Herbivore
526,2021-08-20 6:37:49,68.52,20.29,UP,HF,S_HFN_H1,20,Herbivore
527,2021-08-20 7:37:49,71.76,22.09,UP,HF,S_HFN_H1,20,Herbivore
528,2021-08-20 8:37:49,74.85,23.81,UP,HF,S_HFN_H1,20,Herbivore
529,2021-08-20 9:37:49,81.26,27.37,UP,HF,S_HFN_H1,20,Herbivore
530,2021-08-20 10:37:49,79.64,26.47,UP,HF,S_HFN_H1,20,Herbivore
531,2021-08-20 11:37:49,86.13,30.07,UP,HF,S_HFN_H1,20,Herbivore
532,2021-08-20 12:37:49,87.21,30.67,UP,HF,S_HFN_H1,20,Herbivore
533,2021-08-20 13:37:49,89.29,31.83,UP,HF,S_HFN_H1,20,Herbivore
534,2021-08-20 14:37:49,92.92,33.85,UP,HF,S_HFN_H1,20,Herbivore
535,2021-08-20 15:37:49,94.62,34.79,UP,HF,S_HFN_H1,20,Herbivore
536,2021-08-20 16:37:49,96.01,35.56,UP,HF,S_HFN_H1,20,Herbivore
537,2021-08-20 17:37:49,92.15,33.42,UP,HF,S_HFN_H1,20,Herbivore
538,2021-08-20 18:37:49,86.20,30.11,UP,HF,S_HFN_H1,20,Herbivore
539,2021-08-20 19:37:49,75.32,24.06,UP,HF,S_HFN_H1,20,Herbivore
540,2021-08-20 20:37:49,70.84,21.58,UP,HF,S_HFN_H1,20,Herbivore
541,2021-08-20 21:37:49,69.37,20.76,UP,HF,S_HFN_H1,20,Herbivore
542,2021-08-20 22:37:49,68.37,20.20,UP,HF,S_HFN_H1,20,Herbivore
543,2021-08-20 23:37:49,69.37,20.76,UP,HF,S_HFN_H1,20,Herbivore
544,2021-08-21 0:37:49,68.60,20.33,UP,HF,S_HFN_H1,20,Herbivore
545,2021-08-21 1:37:49,68.44,20.25,UP,HF,S_HFN_H1,20,Herbivore
546,2021-08-21 2:37:49,68.29,20.16,UP,HF,S_HFN_H1,20,Herbivore
547,2021-08-21 3:37:49,68.13,20.07,UP,HF,S_HFN_H1,20,Herbivore
548,2021-08-21 4:37:49,67.36,19.65,UP,HF,S_HFN_H1,20,Herbivore
549,2021-08-21 5:37:49,67.59,19.77,UP,HF,S_HFN_H1,20,Herbivore
550,2021-08-21 6:37:49,68.06,20.03,UP,HF,S_HFN_H1,20,Herbivore
551,2021-08-21 7:37:49,69.68,20.93,UP,HF,S_HFN_H1,20,Herbivore
552,2021-08-21 8:37:49,75.86,24.36,UP,HF,S_HFN_H1,20,Herbivore
553,2021-08-21 9:37:49,83.66,28.70,UP,HF,S_HFN_H1,20,Herbivore
554,2021-08-21 10:37:49,87.98,31.10,UP,HF,S_HFN_H1,20,Herbivore
555,2021-08-21 11:37:49,88.29,31.27,UP,HF,S_HFN_H1,20,Herbivore
556,2021-08-21 12:37:49,90.99,32.77,UP,HF,S_HFN_H1,20,Herbivore
557,2021-08-21 13:37:49,92.00,33.33,UP,HF,S_HFN_H1,20,Herbivore
558,2021-08-21 14:37:49,97.94,36.63,UP,HF,S_HFN_H1,20,Herbivore
559,2021-08-21 15:37:49,97.94,36.63,UP,HF,S_HFN_H1,20,Herbivore
560,2021-08-21 16:37:49,93.23,34.02,UP,HF,S_HFN_H1,20,Herbivore
561,2021-08-21 17:37:49,81.18,27.32,UP,HF,S_HFN_H1,20,Herbivore
562,2021-08-21 18:37:49,79.25,26.25,UP,HF,S_HFN_H1,20,Herbivore
563,2021-08-21 19:37:49,75.62,24.24,UP,HF,S_HFN_H1,20,Herbivore
564,2021-08-21 20:37:49,73.00,22.78,UP,HF,S_HFN_H1,20,Herbivore
565,2021-08-21 21:37:49,73.08,22.82,UP,HF,S_HFN_H1,20,Herbivore
566,2021-08-21 22:37:49,72.07,22.26,UP,HF,S_HFN_H1,20,Herbivore
567,2021-08-21 23:37:49,70.14,21.19,UP,HF,S_HFN_H1,20,Herbivore
568,2021-08-22 0:37:49,70.91,21.62,UP,HF,S_HFN_H1,20,Herbivore
569,2021-08-22 1:37:49,69.83,21.02,UP,HF,S_HFN_H1,20,Herbivore
570,2021-08-22 2:37:49,68.44,20.25,UP,HF,S_HFN_H1,20,Herbivore
571,2021-08-22 3:37:49,68.21,20.12,UP,HF,S_HFN_H1,20,Herbivore
572,2021-08-22 4:37:49,67.59,19.77,UP,HF,S_HFN_H1,20,Herbivore
573,2021-08-22 5:37:49,67.13,19.52,UP,HF,S_HFN_H1,20,Herbivore
574,2021-08-22 6:37:49,67.36,19.65,UP,HF,S_HFN_H1,20,Herbivore
575,2021-08-22 7:37:49,72.07,22.26,UP,HF,S_HFN_H1,20,Herbivore
576,2021-08-22 8:37:49,74.39,23.55,UP,HF,S_HFN_H1,20,Herbivore
577,2021-08-22 9:37:49,80.57,26.98,UP,HF,S_HFN_H1,20,Herbivore
578,2021-08-22 10:37:49,83.50,28.61,UP,HF,S_HFN_H1,20,Herbivore
579,2021-08-22 11:37:49,89.45,31.92,UP,HF,S_HFN_H1,20,Herbivore
580,2021-08-22 12:37:49,91.22,32.90,UP,HF,S_HFN_H1,20,Herbivore
581,2021-08-22 13:37:49,90.53,32.52,UP,HF,S_HFN_H1,20,Herbivore
582,2021-08-22 14:37:49,84.58,29.21,UP,HF,S_HFN_H1,20,Herbivore
583,2021-08-22 15:37:49,103.66,39.81,UP,HF,S_HFN_H1,20,Herbivore
584,2021-08-22 16:37:49,101.88,38.82,UP,HF,S_HFN_H1,20,Herbivore
585,2021-08-22 17:37:49,90.45,32.47,UP,HF,S_HFN_H1,20,Herbivore
586,2021-08-22 18:37:49,79.18,26.21,UP,HF,S_HFN_H1,20,Herbivore
587,2021-08-22 19:37:49,76.94,24.97,UP,HF,S_HFN_H1,20,Herbivore
588,2021-08-22 20:37:49,74.70,23.72,UP,HF,S_HFN_H1,20,Herbivore
589,2021-08-22 21:37:49,73.69,23.16,UP,HF,S_HFN_H1,20,Herbivore
590,2021-08-22 22:37:49,70.53,21.40,UP,HF,S_HFN_H1,20,Herbivore
591,2021-08-22 23:37:49,68.37,20.20,UP,HF,S_HFN_H1,20,Herbivore
592,2021-08-23 0:37:49,68.67,20.37,UP,HF,S_HFN_H1,20,Herbivore
593,2021-08-23 1:37:49,70.68,21.49,UP,HF,S_HFN_H1,20,Herbivore
594,2021-08-23 2:37:49,70.06,21.15,UP,HF,S_HFN_H1,20,Herbivore
595,2021-08-23 3:37:49,69.60,20.89,UP,HF,S_HFN_H1,20,Herbivore
596,2021-08-23 4:37:49,66.90,19.39,UP,HF,S_HFN_H1,20,Herbivore
597,2021-08-23 5:37:49,68.52,20.29,UP,HF,S_HFN_H1,20,Herbivore
598,2021-08-23 6:37:49,68.60,20.33,UP,HF,S_HFN_H1,20,Herbivore
599,2021-08-23 7:37:49,69.68,20.93,UP,HF,S_HFN_H1,20,Herbivore
600,2021-08-23 8:37:49,77.17,25.09,UP,HF,S_HFN_H1,20,Herbivore
601,2021-08-23 9:37:49,79.72,26.51,UP,HF,S_HFN_H1,20,Herbivore
602,2021-08-23 10:37:49,80.41,26.90,UP,HF,S_HFN_H1,20,Herbivore
603,2021-08-23 11:37:49,84.66,29.26,UP,HF,S_HFN_H1,20,Herbivore
604,2021-08-23 12:37:49,90.99,32.77,UP,HF,S_HFN_H1,20,Herbivore
605,2021-08-23 13:37:49,85.90,29.94,UP,HF,S_HFN_H1,20,Herbivore
606,2021-08-23 14:37:49,90.84,32.69,UP,HF,S_HFN_H1,20,Herbivore
607,2021-08-23 15:37:49,88.21,31.23,UP,HF,S_HFN_H1,20,Herbivore
608,2021-08-23 16:37:49,87.13,30.63,UP,HF,S_HFN_H1,20,Herbivore
609,2021-08-23 17:37:49,83.81,28.78,UP,HF,S_HFN_H1,20,Herbivore
610,2021-08-23 18:37:49,80.80,27.11,UP,HF,S_HFN_H1,20,Herbivore
611,2021-08-23 19:37:49,80.18,26.77,UP,HF,S_HFN_H1,20,Herbivore
612,2021-08-23 20:37:49,73.15,22.86,UP,HF,S_HFN_H1,20,Herbivore
613,2021-08-23 21:37:49,69.68,20.93,UP,HF,S_HFN_H1,20,Herbivore
614,2021-08-23 22:37:49,68.29,20.16,UP,HF,S_HFN_H1,20,Herbivore
615,2021-08-23 23:37:49,69.60,20.89,UP,HF,S_HFN_H1,20,Herbivore
616,2021-08-24 0:37:49,69.29,20.72,UP,HF,S_HFN_H1,20,Herbivore
617,2021-08-24 1:37:49,67.05,19.47,UP,HF,S_HFN_H1,20,Herbivore
618,2021-08-24 2:37:49,67.36,19.65,UP,HF,S_HFN_H1,20,Herbivore
619,2021-08-24 3:37:49,66.67,19.26,UP,HF,S_HFN_H1,20,Herbivore
620,2021-08-24 4:37:49,65.97,18.87,UP,HF,S_HFN_H1,20,Herbivore
621,2021-08-24 5:37:49,66.51,19.17,UP,HF,S_HFN_H1,20,Herbivore
622,2021-08-24 6:37:49,66.05,18.92,UP,HF,S_HFN_H1,20,Herbivore
623,2021-08-24 7:37:49,69.83,21.02,UP,HF,S_HFN_H1,20,Herbivore
624,2021-08-24 8:37:49,74.47,23.59,UP,HF,S_HFN_H1,20,Herbivore
625,2021-08-24 9:37:49,79.18,26.21,UP,HF,S_HFN_H1,20,Herbivore
626,2021-08-24 10:37:49,77.94,25.52,UP,HF,S_HFN_H1,20,Herbivore
627,2021-08-24 11:37:49,84.81,29.34,UP,HF,S_HFN_H1,20,Herbivore
628,2021-08-24 12:37:49,91.38,32.99,UP,HF,S_HFN_H1,20,Herbivore
629,2021-08-24 13:37:49,95.24,35.13,UP,HF,S_HFN_H1,20,Herbivore
630,2021-08-24 14:37:49,101.26,38.48,UP,HF,S_HFN_H1,20,Herbivore
631,2021-08-24 15:37:49,104.12,40.07,UP,HF,S_HFN_H1,20,Herbivore
632,2021-08-24 16:37:49,104.27,40.15,UP,HF,S_HFN_H1,20,Herbivore
633,2021-08-24 17:37:49,100.88,38.26,UP,HF,S_HFN_H1,20,Herbivore
634,2021-08-24 18:37:49,90.22,32.34,UP,HF,S_HFN_H1,20,Herbivore
635,2021-08-24 19:37:49,75.08,23.94,UP,HF,S_HFN_H1,20,Herbivore
636,2021-08-24 20:37:49,69.91,21.06,UP,HF,S_HFN_H1,20,Herbivore
637,2021-08-24 21:37:49,68.98,20.55,UP,HF,S_HFN_H1,20,Herbivore
638,2021-08-24 22:37:49,68.06,20.03,UP,HF,S_HFN_H1,20,Herbivore
639,2021-08-24 23:37:49,67.21,19.56,UP,HF,S_HFN_H1,20,Herbivore
640,2021-08-25 0:37:49,66.28,19.04,UP,HF,S_HFN_H1,20,Herbivore
641,2021-08-25 1:37:49,64.89,18.27,UP,HF,S_HFN_H1,20,Herbivore
642,2021-08-25 2:37:49,63.81,17.67,UP,HF,S_HFN_H1,20,Herbivore
643,2021-08-25 3:37:49,63.58,17.54,UP,HF,S_HFN_H1,20,Herbivore
644,2021-08-25 4:37:49,63.04,17.24,UP,HF,S_HFN_H1,20,Herbivore
645,2021-08-25 5:37:49,62.81,17.11,UP,HF,S_HFN_H1,20,Herbivore
646,2021-08-25 6:37:49,63.96,17.76,UP,HF,S_HFN_H1,20,Herbivore
647,2021-08-25 7:37:49,67.28,19.60,UP,HF,S_HFN_H1,20,Herbivore
648,2021-08-25 8:37:49,72.69,22.61,UP,HF,S_HFN_H1,20,Herbivore
649,2021-08-25 9:37:49,80.26,26.81,UP,HF,S_HFN_H1,20,Herbivore
650,2021-08-25 10:37:49,85.51,29.73,UP,HF,S_HFN_H1,20,Herbivore
651,2021-08-25 11:37:49,88.83,31.57,UP,HF,S_HFN_H1,20,Herbivore
652,2021-08-25 12:37:49,91.45,33.03,UP,HF,S_HFN_H1,20,Herbivore
653,2021-08-25 13:37:49,95.62,35.35,UP,HF,S_HFN_H1,20,Herbivore
654,2021-08-25 14:37:49,100.10,37.84,UP,HF,S_HFN_H1,20,Herbivore
655,2021-08-25 15:37:49,102.19,38.99,UP,HF,S_HFN_H1,20,Herbivore
656,2021-08-25 16:37:49,104.12,40.07,UP,HF,S_HFN_H1,20,Herbivore
657,2021-08-25 17:37:49,100.18,37.88,UP,HF,S_HFN_H1,20,Herbivore
658,2021-08-25 18:37:49,84.43,29.13,UP,HF,S_HFN_H1,20,Herbivore
659,2021-08-25 19:37:49,75.01,23.89,UP,HF,S_HFN_H1,20,Herbivore
660,2021-08-25 20:37:49,72.00,22.22,UP,HF,S_HFN_H1,20,Herbivore
661,2021-08-25 21:37:49,70.45,21.36,UP,HF,S_HFN_H1,20,Herbivore
662,2021-08-25 22:37:49,69.37,20.76,UP,HF,S_HFN_H1,20,Herbivore
663,2021-08-25 23:37:49,70.45,21.36,UP,HF,S_HFN_H1,20,Herbivore
664,2021-08-26 0:37:49,71.53,21.96,UP,HF,S_HFN_H1,20,Herbivore
665,2021-08-26 1:37:49,72.23,22.35,UP,HF,S_HFN_H1,20,Herbivore
666,2021-08-26 2:37:49,71.45,21.92,UP,HF,S_HFN_H1,20,Herbivore
667,2021-08-26 3:37:49,72.00,22.22,UP,HF,S_HFN_H1,20,Herbivore
668,2021-08-26 4:37:49,72.61,22.56,UP,HF,S_HFN_H1,20,Herbivore
669,2021-08-26 5:37:49,72.92,22.73,UP,HF,S_HFN_H1,20,Herbivore
670,2021-08-26 6:37:49,71.61,22.01,UP,HF,S_HFN_H1,20,Herbivore
671,2021-08-26 7:37:49,73.77,23.21,UP,HF,S_HFN_H1,20,Herbivore
672,2021-08-26 8:37:49,78.87,26.04,UP,HF,S_HFN_H1,20,Herbivore
673,2021-08-26 9:37:49,84.27,29.04,UP,HF,S_HFN_H1,20,Herbivore
674,2021-08-26 10:37:49,89.22,31.79,UP,HF,S_HFN_H1,20,Herbivore
675,2021-08-26 11:37:49,91.38,32.99,UP,HF,S_HFN_H1,20,Herbivore
676,2021-08-26 12:37:49,95.55,35.30,UP,HF,S_HFN_H1,20,Herbivore
677,2021-08-26 13:37:49,99.18,37.32,UP,HF,S_HFN_H1,20,Herbivore
678,2021-08-26 14:37:49,102.34,39.08,UP,HF,S_HFN_H1,20,Herbivore
679,2021-08-26 15:37:49,107.21,41.78,UP,HF,S_HFN_H1,20,Herbivore
680,2021-08-26 16:37:49,92.46,33.59,UP,HF,S_HFN_H1,20,Herbivore
681,2021-08-26 17:37:49,93.93,34.40,UP,HF,S_HFN_H1,20,Herbivore
682,2021-08-26 18:37:49,90.06,32.26,UP,HF,S_HFN_H1,20,Herbivore
683,2021-08-26 19:37:49,80.57,26.98,UP,HF,S_HFN_H1,20,Herbivore
684,2021-08-26 20:37:49,74.23,23.46,UP,HF,S_HFN_H1,20,Herbivore
685,2021-08-26 21:37:49,72.54,22.52,UP,HF,S_HFN_H1,20,Herbivore
686,2021-08-26 22:37:49,71.07,21.70,UP,HF,S_HFN_H1,20,Herbivore
687,2021-08-26 23:37:49,70.06,21.15,UP,HF,S_HFN_H1,20,Herbivore
688,2021-08-27 0:37:49,70.06,21.15,UP,HF,S_HFN_H1,20,Herbivore
689,2021-08-27 1:37:49,69.14,20.63,UP,HF,S_HFN_H1,20,Herbivore
690,2021-08-27 2:37:49,68.83,20.46,UP,HF,S_HFN_H1,20,Herbivore
691,2021-08-27 3:37:49,67.52,19.73,UP,HF,S_HFN_H1,20,Herbivore
692,2021-08-27 4:37:49,66.05,18.92,UP,HF,S_HFN_H1,20,Herbivore
693,2021-08-27 5:37:49,65.51,18.62,UP,HF,S_HFN_H1,20,Herbivore
694,2021-08-27 6:37:49,66.36,19.09,UP,HF,S_HFN_H1,20,Herbivore
695,2021-08-27 7:37:49,66.82,19.35,UP,HF,S_HFN_H1,20,Herbivore
696,2021-08-27 8:37:49,69.29,20.72,UP,HF,S_HFN_H1,20,Herbivore
697,2021-08-27 9:37:49,77.48,25.27,UP,HF,S_HFN_H1,20,Herbivore
698,2021-08-27 10:37:49,80.49,26.94,UP,HF,S_HFN_H1,20,Herbivore
699,2021-08-27 11:37:49,82.42,28.01,UP,HF,S_HFN_H1,20,Herbivore
700,2021-08-27 12:37:49,83.12,28.40,UP,HF,S_HFN_H1,20,Herbivore
701,2021-08-27 13:37:49,86.59,30.33,UP,HF,S_HFN_H1,20,Herbivore
702,2021-08-27 14:37:49,90.45,32.47,UP,HF,S_HFN_H1,20,Herbivore
703,2021-08-27 15:37:49,93.46,34.15,UP,HF,S_HFN_H1,20,Herbivore
704,2021-08-27 16:37:49,93.46,34.15,UP,HF,S_HFN_H1,20,Herbivore
705,2021-08-27 17:37:49,87.29,30.71,UP,HF,S_HFN_H1,20,Herbivore
706,2021-08-27 18:37:49,75.78,24.32,UP,HF,S_HFN_H1,20,Herbivore
707,2021-08-27 19:37:49,64.50,18.06,UP,HF,S_HFN_H1,20,Herbivore
708,2021-08-27 20:37:49,60.49,15.83,UP,HF,S_HFN_H1,20,Herbivore
709,2021-08-27 21:37:49,58.95,14.97,UP,HF,S_HFN_H1,20,Herbivore
710,2021-08-27 22:37:49,59.79,15.44,UP,HF,S_HFN_H1,20,Herbivore
711,2021-08-27 23:37:49,60.18,15.66,UP,HF,S_HFN_H1,20,Herbivore
712,2021-08-28 0:37:49,59.87,15.48,UP,HF,S_HFN_H1,20,Herbivore
713,2021-08-28 1:37:49,60.26,15.70,UP,HF,S_HFN_H1,20,Herbivore
714,2021-08-28 2:37:49,60.64,15.91,UP,HF,S_HFN_H1,20,Herbivore
715,2021-08-28 3:37:49,60.03,15.57,UP,HF,S_HFN_H1,20,Herbivore
716,2021-08-28 4:37:49,59.64,15.36,UP,HF,S_HFN_H1,20,Herbivore
717,2021-08-28 5:37:49,57.86,14.37,UP,HF,S_HFN_H1,20,Herbivore
718,2021-08-28 6:37:49,59.10,15.06,UP,HF,S_HFN_H1,20,Herbivore
719,2021-08-28 7:37:49,61.72,16.51,UP,HF,S_HFN_H1,20,Herbivore
720,2021-08-28 8:37:49,65.51,18.62,UP,HF,S_HFN_H1,20,Herbivore
721,2021-08-28 9:37:49,70.45,21.36,UP,HF,S_HFN_H1,20,Herbivore
722,2021-08-28 10:37:49,72.15,22.31,UP,HF,S_HFN_H1,20,Herbivore
723,2021-08-28 11:37:49,69.83,21.02,UP,HF,S_HFN_H1,20,Herbivore
724,2021-08-28 12:37:49,70.37,21.32,UP,HF,S_HFN_H1,20,Herbivore
725,2021-08-28 13:37:49,71.30,21.83,UP,HF,S_HFN_H1,20,Herbivore
726,2021-08-28 14:37:49,76.40,24.66,UP,HF,S_HFN_H1,20,Herbivore
727,2021-08-28 15:37:49,72.54,22.52,UP,HF,S_HFN_H1,20,Herbivore
728,2021-08-28 16:37:49,73.54,23.08,UP,HF,S_HFN_H1,20,Herbivore
729,2021-08-28 17:37:49,68.75,20.42,UP,HF,S_HFN_H1,20,Herbivore
730,2021-08-28 18:37:49,67.05,19.47,UP,HF,S_HFN_H1,20,Herbivore
731,2021-08-28 19:37:49,65.66,18.70,UP,HF,S_HFN_H1,20,Herbivore
732,2021-08-28 20:37:49,65.20,18.44,UP,HF,S_HFN_H1,20,Herbivore
733,2021-08-28 21:37:49,65.35,18.53,UP,HF,S_HFN_H1,20,Herbivore
734,2021-08-28 22:37:49,65.89,18.83,UP,HF,S_HFN_H1,20,Herbivore
735,2021-08-28 23:37:49,65.74,18.74,UP,HF,S_HFN_H1,20,Herbivore
736,2021-08-29 0:37:49,66.13,18.96,UP,HF,S_HFN_H1,20,Herbivore
737,2021-08-29 1:37:49,66.13,18.96,UP,HF,S_HFN_H1,20,Herbivore
738,2021-08-29 2:37:49,66.20,19.00,UP,HF,S_HFN_H1,20,Herbivore
739,2021-08-29 3:37:49,66.36,19.09,UP,HF,S_HFN_H1,20,Herbivore
740,2021-08-29 4:37:49,66.36,19.09,UP,HF,S_HFN_H1,20,Herbivore
741,2021-08-29 5:37:49,66.05,18.92,UP,HF,S_HFN_H1,20,Herbivore
742,2021-08-29 6:37:49,65.66,18.70,UP,HF,S_HFN_H1,20,Herbivore
743,2021-08-29 7:37:49,64.20,17.89,UP,HF,S_HFN_H1,20,Herbivore
744,2021-08-29 8:37:49,65.97,18.87,UP,HF,S_HFN_H1,20,Herbivore
745,2021-08-29 9:37:49,67.67,19.82,UP,HF,S_HFN_H1,20,Herbivore
746,2021-08-29 10:37:49,70.76,21.53,UP,HF,S_HFN_H1,20,Herbivore
747,2021-08-29 11:37:49,74.23,23.46,UP,HF,S_HFN_H1,20,Herbivore
748,2021-08-29 12:37:49,80.10,26.72,UP,HF,S_HFN_H1,20,Herbivore
749,2021-08-29 13:37:49,84.74,29.30,UP,HF,S_HFN_H1,20,Herbivore
750,2021-08-29 14:37:49,83.50,28.61,UP,HF,S_HFN_H1,20,Herbivore
751,2021-08-29 15:37:49,74.39,23.55,UP,HF,S_HFN_H1,20,Herbivore
752,2021-08-29 16:37:49,70.45,21.36,UP,HF,S_HFN_H1,20,Herbivore
753,2021-08-29 17:37:49,81.57,27.54,UP,HF,S_HFN_H1,20,Herbivore
754,2021-08-29 18:37:49,72.77,22.65,UP,HF,S_HFN_H1,20,Herbivore
755,2021-08-29 19:37:49,69.22,20.68,UP,HF,S_HFN_H1,20,Herbivore
756,2021-08-29 20:37:49,69.29,20.72,UP,HF,S_HFN_H1,20,Herbivore
757,2021-08-29 21:37:49,69.91,21.06,UP,HF,S_HFN_H1,20,Herbivore
758,2021-08-29 22:37:49,70.68,21.49,UP,HF,S_HFN_H1,20,Herbivore
759,2021-08-29 23:37:49,71.07,21.70,UP,HF,S_HFN_H1,20,Herbivore
760,2021-08-30 0:37:49,70.61,21.45,UP,HF,S_HFN_H1,20,Herbivore
761,2021-08-30 1:37:49,70.30,21.28,UP,HF,S_HFN_H1,20,Herbivore
762,2021-08-30 2:37:49,69.91,21.06,UP,HF,S_HFN_H1,20,Herbivore
763,2021-08-30 3:37:49,70.22,21.23,UP,HF,S_HFN_H1,20,Herbivore
764,2021-08-30 4:37:49,70.37,21.32,UP,HF,S_HFN_H1,20,Herbivore
765,2021-08-30 5:37:49,69.76,20.98,UP,HF,S_HFN_H1,20,Herbivore
766,2021-08-30 6:37:49,70.22,21.23,UP,HF,S_HFN_H1,20,Herbivore
767,2021-08-30 7:37:49,72.00,22.22,UP,HF,S_HFN_H1,20,Herbivore
768,2021-08-30 8:37:49,69.83,21.02,UP,HF,S_HFN_H1,20,Herbivore
769,2021-08-30 9:37:49,73.23,22.91,UP,HF,S_HFN_H1,20,Herbivore
770,2021-08-30 10:37:49,76.01,24.45,UP,HF,S_HFN_H1,20,Herbivore
771,2021-08-30 11:37:49,79.95,26.64,UP,HF,S_HFN_H1,20,Herbivore
772,2021-08-30 12:37:49,72.61,22.56,UP,HF,S_HFN_H1,20,Herbivore
773,2021-08-30 13:37:49,86.82,30.46,UP,HF,S_HFN_H1,20,Herbivore
774,2021-08-30 14:37:49,90.30,32.39,UP,HF,S_HFN_H1,20,Herbivore
775,2021-08-30 15:37:49,92.23,33.46,UP,HF,S_HFN_H1,20,Herbivore
776,2021-08-30 16:37:49,86.59,30.33,UP,HF,S_HFN_H1,20,Herbivore
777,2021-08-30 17:37:49,79.64,26.47,UP,HF,S_HFN_H1,20,Herbivore
778,2021-08-30 18:37:49,80.10,26.72,UP,HF,S_HFN_H1,20,Herbivore
779,2021-08-30 19:37:49,73.23,22.91,UP,HF,S_HFN_H1,20,Herbivore
780,2021-08-30 20:37:49,65.66,18.70,UP,HF,S_HFN_H1,20,Herbivore
781,2021-08-30 21:37:49,64.35,17.97,UP,HF,S_HFN_H1,20,Herbivore
782,2021-08-30 22:37:49,64.20,17.89,UP,HF,S_HFN_H1,20,Herbivore
783,2021-08-30 23:37:49,63.96,17.76,UP,HF,S_HFN_H1,20,Herbivore
784,2021-08-31 0:37:49,62.50,16.94,UP,HF,S_HFN_H1,20,Herbivore
785,2021-08-31 1:37:49,61.18,16.21,UP,HF,S_HFN_H1,20,Herbivore
786,2021-08-31 2:37:49,60.18,15.66,UP,HF,S_HFN_H1,20,Herbivore
787,2021-08-31 3:37:49,60.10,15.61,UP,HF,S_HFN_H1,20,Herbivore
788,2021-08-31 4:37:49,58.33,14.63,UP,HF,S_HFN_H1,20,Herbivore
789,2021-08-31 5:37:49,57.48,14.15,UP,HF,S_HFN_H1,20,Herbivore
790,2021-08-31 6:37:49,57.63,14.24,UP,HF,S_HFN_H1,20,Herbivore
791,2021-08-31 7:37:49,60.95,16.08,UP,HF,S_HFN_H1,20,Herbivore
792,2021-08-31 8:37:49,66.13,18.96,UP,HF,S_HFN_H1,20,Herbivore
793,2021-08-31 9:37:49,73.39,22.99,UP,HF,S_HFN_H1,20,Herbivore
794,2021-08-31 10:37:49,81.11,27.28,UP,HF,S_HFN_H1,20,Herbivore
795,2021-08-31 11:37:49,80.03,26.68,UP,HF,S_HFN_H1,20,Herbivore
796,2021-08-31 12:37:49,84.66,29.26,UP,HF,S_HFN_H1,20,Herbivore
797,2021-08-31 13:37:49,87.13,30.63,UP,HF,S_HFN_H1,20,Herbivore
798,2021-08-31 14:37:49,88.13,31.19,UP,HF,S_HFN_H1,20,Herbivore
799,2021-08-31 15:37:49,86.44,30.24,UP,HF,S_HFN_H1,20,Herbivore
800,2021-08-31 16:37:49,83.12,28.40,UP,HF,S_HFN_H1,20,Herbivore
801,2021-08-31 17:37:49,76.47,24.71,UP,HF,S_HFN_H1,20,Herbivore
802,2021-08-31 18:37:49,74.85,23.81,UP,HF,S_HFN_H1,20,Herbivore
803,2021-08-31 19:37:49,68.29,20.16,UP,HF,S_HFN_H1,20,Herbivore
804,2021-08-31 20:37:49,63.81,17.67,UP,HF,S_HFN_H1,20,Herbivore
805,2021-08-31 21:37:49,62.50,16.94,UP,HF,S_HFN_H1,20,Herbivore
806,2021-08-31 22:37:49,61.57,16.43,UP,HF,S_HFN_H1,20,Herbivore
807,2021-08-31 23:37:49,62.73,17.07,UP,HF,S_HFN_H1,20,Herbivore
808,2021-09-01 0:37:49,60.57,15.87,UP,HF,S_HFN_H1,20,Herbivore
809,2021-09-01 1:37:49,57.79,14.33,UP,HF,S_HFN_H1,20,Herbivore
810,2021-09-01 2:37:49,56.78,13.77,UP,HF,S_HFN_H1,20,Herbivore
811,2021-09-01 3:37:49,56.55,13.64,UP,HF,S_HFN_H1,20,Herbivore
812,2021-09-01 4:37:49,55.01,12.78,UP,HF,S_HFN_H1,20,Herbivore
813,2021-09-01 5:37:49,54.78,12.65,UP,HF,S_HFN_H1,20,Herbivore
814,2021-09-01 6:37:49,56.09,13.38,UP,HF,S_HFN_H1,20,Herbivore
815,2021-09-01 7:37:49,59.72,15.40,UP,HF,S_HFN_H1,20,Herbivore
816,2021-09-01 8:37:49,65.43,18.57,UP,HF,S_HFN_H1,20,Herbivore
817,2021-09-01 9:37:49,67.44,19.69,UP,HF,S_HFN_H1,20,Herbivore
818,2021-09-01 10:37:49,70.53,21.40,UP,HF,S_HFN_H1,20,Herbivore
819,2021-09-01 11:37:49,73.31,22.95,UP,HF,S_HFN_H1,20,Herbivore
820,2021-09-01 12:37:49,74.39,23.55,UP,HF,S_HFN_H1,20,Herbivore
821,2021-09-01 13:37:49,76.63,24.79,UP,HF,S_HFN_H1,20,Herbivore
822,2021-09-01 14:37:49,74.54,23.64,UP,HF,S_HFN_H1,20,Herbivore
823,2021-09-01 15:37:49,72.30,22.39,UP,HF,S_HFN_H1,20,Herbivore
824,2021-09-01 16:37:49,71.45,21.92,UP,HF,S_HFN_H1,20,Herbivore
825,2021-09-01 17:37:49,69.45,20.80,UP,HF,S_HFN_H1,20,Herbivore
826,2021-09-01 18:37:49,65.51,18.62,UP,HF,S_HFN_H1,20,Herbivore
827,2021-09-01 19:37:49,61.11,16.17,UP,HF,S_HFN_H1,20,Herbivore
828,2021-09-01 20:37:49,59.33,15.18,UP,HF,S_HFN_H1,20,Herbivore
829,2021-09-01 21:37:49,58.95,14.97,UP,HF,S_HFN_H1,20,Herbivore
830,2021-09-01 22:37:49,58.48,14.71,UP,HF,S_HFN_H1,20,Herbivore
831,2021-09-01 23:37:49,58.25,14.58,UP,HF,S_HFN_H1,20,Herbivore
832,2021-09-02 0:37:49,57.17,13.98,UP,HF,S_HFN_H1,20,Herbivore
833,2021-09-02 1:37:49,57.09,13.94,UP,HF,S_HFN_H1,20,Herbivore
834,2021-09-02 2:37:49,56.55,13.64,UP,HF,S_HFN_H1,20,Herbivore
835,2021-09-02 3:37:49,55.62,13.12,UP,HF,S_HFN_H1,20,Herbivore
836,2021-09-02 4:37:49,53.62,12.01,UP,HF,S_HFN_H1,20,Herbivore
837,2021-09-02 5:37:49,52.46,11.37,UP,HF,S_HFN_H1,20,Herbivore
838,2021-09-02 6:37:49,51.22,10.68,UP,HF,S_HFN_H1,20,Herbivore
839,2021-09-02 7:37:49,56.09,13.38,UP,HF,S_HFN_H1,20,Herbivore
840,2021-09-02 8:37:49,59.72,15.40,UP,HF,S_HFN_H1,20,Herbivore
841,2021-09-02 9:37:49,60.57,15.87,UP,HF,S_HFN_H1,20,Herbivore
842,2021-09-02 10:37:49,63.73,17.63,UP,HF,S_HFN_H1,20,Herbivore
843,2021-09-02 11:37:49,70.53,21.40,UP,HF,S_HFN_H1,20,Herbivore
844,2021-09-02 12:37:49,71.84,22.13,UP,HF,S_HFN_H1,20,Herbivore
845,2021-09-02 13:37:49,71.84,22.13,UP,HF,S_HFN_H1,20,Herbivore
846,2021-09-02 14:37:49,81.65,27.58,UP,HF,S_HFN_H1,20,Herbivore
847,2021-09-02 15:37:49,70.06,21.15,UP,HF,S_HFN_H1,20,Herbivore
848,2021-09-02 16:37:49,75.70,24.28,UP,HF,S_HFN_H1,20,Herbivore
849,2021-09-02 17:37:49,64.66,18.14,UP,HF,S_HFN_H1,20,Herbivore
850,2021-09-02 18:37:49,62.57,16.99,UP,HF,S_HFN_H1,20,Herbivore
851,2021-09-02 19:37:49,59.64,15.36,UP,HF,S_HFN_H1,20,Herbivore
852,2021-09-02 20:37:49,59.02,15.01,UP,HF,S_HFN_H1,20,Herbivore
853,2021-09-02 21:37:49,59.49,15.27,UP,HF,S_HFN_H1,20,Herbivore
854,2021-09-02 22:37:49,59.10,15.06,UP,HF,S_HFN_H1,20,Herbivore
855,2021-09-02 23:37:49,58.48,14.71,UP,HF,S_HFN_H1,20,Herbivore
856,2021-09-03 0:37:49,58.25,14.58,UP,HF,S_HFN_H1,20,Herbivore
857,2021-09-03 1:37:49,58.33,14.63,UP,HF,S_HFN_H1,20,Herbivore
858,2021-09-03 2:37:49,58.25,14.58,UP,HF,S_HFN_H1,20,Herbivore
859,2021-09-03 3:37:49,58.33,14.63,UP,HF,S_HFN_H1,20,Herbivore
860,2021-09-03 4:37:49,58.40,14.67,UP,HF,S_HFN_H1,20,Herbivore
861,2021-09-03 5:37:49,58.02,14.45,UP,HF,S_HFN_H1,20,Herbivore
862,2021-09-03 6:37:49,57.63,14.24,UP,HF,S_HFN_H1,20,Herbivore
863,2021-09-03 7:37:49,58.40,14.67,UP,HF,S_HFN_H1,20,Herbivore
864,2021-09-03 8:37:49,59.87,15.48,UP,HF,S_HFN_H1,20,Herbivore
865,2021-09-03 9:37:49,65.12,18.40,UP,HF,S_HFN_H1,20,Herbivore
866,2021-09-03 10:37:49,66.20,19.00,UP,HF,S_HFN_H1,20,Herbivore
867,2021-09-03 11:37:49,68.21,20.12,UP,HF,S_HFN_H1,20,Herbivore
868,2021-09-03 12:37:49,73.62,23.12,UP,HF,S_HFN_H1,20,Herbivore
869,2021-09-03 13:37:49,75.08,23.94,UP,HF,S_HFN_H1,20,Herbivore
870,2021-09-03 14:37:49,87.44,30.80,UP,HF,S_HFN_H1,20,Herbivore
871,2021-09-03 15:37:49,73.77,23.21,UP,HF,S_HFN_H1,20,Herbivore
872,2021-09-03 16:37:49,74.54,23.64,UP,HF,S_HFN_H1,20,Herbivore
873,2021-09-03 17:37:49,73.23,22.91,UP,HF,S_HFN_H1,20,Herbivore
874,2021-09-03 18:37:49,70.53,21.40,UP,HF,S_HFN_H1,20,Herbivore
875,2021-09-03 19:37:49,63.42,17.46,UP,HF,S_HFN_H1,20,Herbivore
876,2021-09-03 20:37:49,60.10,15.61,UP,HF,S_HFN_H1,20,Herbivore
877,2021-09-03 21:37:49,63.19,17.33,UP,HF,S_HFN_H1,20,Herbivore
878,2021-09-03 22:37:49,63.11,17.29,UP,HF,S_HFN_H1,20,Herbivore
879,2021-09-03 23:37:49,62.81,17.11,UP,HF,S_HFN_H1,20,Herbivore
880,2021-09-04 0:37:49,60.57,15.87,UP,HF,S_HFN_H1,20,Herbivore
881,2021-09-04 1:37:49,61.18,16.21,UP,HF,S_HFN_H1,20,Herbivore
882,2021-09-04 2:37:49,61.88,16.60,UP,HF,S_HFN_H1,20,Herbivore
883,2021-09-04 3:37:49,61.26,16.26,UP,HF,S_HFN_H1,20,Herbivore
884,2021-09-04 4:37:49,60.72,15.96,UP,HF,S_HFN_H1,20,Herbivore
885,2021-09-04 5:37:49,59.33,15.18,UP,HF,S_HFN_H1,20,Herbivore
886,2021-09-04 6:37:49,58.79,14.88,UP,HF,S_HFN_H1,20,Herbivore
887,2021-09-04 7:37:49,59.25,15.14,UP,HF,S_HFN_H1,20,Herbivore
888,2021-09-04 8:37:49,63.27,17.37,UP,HF,S_HFN_H1,20,Herbivore
889,2021-09-04 9:37:49,70.68,21.49,UP,HF,S_HFN_H1,20,Herbivore
890,2021-09-04 10:37:49,76.01,24.45,UP,HF,S_HFN_H1,20,Herbivore
891,2021-09-04 11:37:49,78.56,25.87,UP,HF,S_HFN_H1,20,Herbivore
892,2021-09-04 12:37:49,81.96,27.75,UP,HF,S_HFN_H1,20,Herbivore
893,2021-09-04 13:37:49,87.52,30.84,UP,HF,S_HFN_H1,20,Herbivore
894,2021-09-04 14:37:49,90.53,32.52,UP,HF,S_HFN_H1,20,Herbivore
895,2021-09-04 15:37:49,95.70,35.39,UP,HF,S_HFN_H1,20,Herbivore
896,2021-09-04 16:37:49,88.06,31.14,UP,HF,S_HFN_H1,20,Herbivore
897,2021-09-04 17:37:49,89.52,31.96,UP,HF,S_HFN_H1,20,Herbivore
898,2021-09-04 18:37:49,76.09,24.49,UP,HF,S_HFN_H1,20,Herbivore
899,2021-09-04 19:37:49,62.81,17.11,UP,HF,S_HFN_H1,20,Herbivore
900,2021-09-04 20:37:49,58.10,14.50,UP,HF,S_HFN_H1,20,Herbivore
901,2021-09-04 21:37:49,56.32,13.51,UP,HF,S_HFN_H1,20,Herbivore
902,2021-09-04 22:37:49,55.01,12.78,UP,HF,S_HFN_H1,20,Herbivore
903,2021-09-04 23:37:49,54.16,12.31,UP,HF,S_HFN_H1,20,Herbivore
904,2021-09-05 0:37:49,54.39,12.44,UP,HF,S_HFN_H1,20,Herbivore
905,2021-09-05 1:37:49,56.32,13.51,UP,HF,S_HFN_H1,20,Herbivore
906,2021-09-05 2:37:49,56.63,13.68,UP,HF,S_HFN_H1,20,Herbivore
907,2021-09-05 3:37:49,56.71,13.73,UP,HF,S_HFN_H1,20,Herbivore
908,2021-09-05 4:37:49,57.40,14.11,UP,HF,S_HFN_H1,20,Herbivore
909,2021-09-05 5:37:49,59.10,15.06,UP,HF,S_HFN_H1,20,Herbivore
910,2021-09-05 6:37:49,59.41,15.23,UP,HF,S_HFN_H1,20,Herbivore
911,2021-09-05 7:37:49,61.26,16.26,UP,HF,S_HFN_H1,20,Herbivore
912,2021-09-05 8:37:49,63.66,17.59,UP,HF,S_HFN_H1,20,Herbivore
913,2021-09-05 9:37:49,66.05,18.92,UP,HF,S_HFN_H1,20,Herbivore
914,2021-09-05 10:37:49,67.59,19.77,UP,HF,S_HFN_H1,20,Herbivore
915,2021-09-05 11:37:49,70.22,21.23,UP,HF,S_HFN_H1,20,Herbivore
916,2021-09-05 12:37:49,71.69,22.05,UP,HF,S_HFN_H1,20,Herbivore
917,2021-09-05 13:37:49,71.92,22.18,UP,HF,S_HFN_H1,20,Herbivore
918,2021-09-05 14:37:49,71.61,22.01,UP,HF,S_HFN_H1,20,Herbivore
919,2021-09-05 15:37:49,70.30,21.28,UP,HF,S_HFN_H1,20,Herbivore
920,2021-09-05 16:37:49,72.92,22.73,UP,HF,S_HFN_H1,20,Herbivore
921,2021-09-05 17:37:49,69.68,20.93,UP,HF,S_HFN_H1,20,Herbivore
922,2021-09-05 18:37:49,70.06,21.15,UP,HF,S_HFN_H1,20,Herbivore
923,2021-09-05 19:37:49,66.44,19.13,UP,HF,S_HFN_H1,20,Herbivore
924,2021-09-05 20:37:49,64.97,18.32,UP,HF,S_HFN_H1,20,Herbivore
925,2021-09-05 21:37:49,64.27,17.93,UP,HF,S_HFN_H1,20,Herbivore
926,2021-09-05 22:37:49,63.73,17.63,UP,HF,S_HFN_H1,20,Herbivore
927,2021-09-05 23:37:49,62.19,16.77,UP,HF,S_HFN_H1,20,Herbivore
928,2021-09-06 0:37:49,61.88,16.60,UP,HF,S_HFN_H1,20,Herbivore
929,2021-09-06 1:37:49,61.26,16.26,UP,HF,S_HFN_H1,20,Herbivore
930,2021-09-06 2:37:49,61.42,16.34,UP,HF,S_HFN_H1,20,Herbivore
931,2021-09-06 3:37:49,59.56,15.31,UP,HF,S_HFN_H1,20,Herbivore
932,2021-09-06 4:37:49,61.72,16.51,UP,HF,S_HFN_H1,20,Herbivore
933,2021-09-06 5:37:49,58.87,14.93,UP,HF,S_HFN_H1,20,Herbivore
934,2021-09-06 6:37:49,59.79,15.44,UP,HF,S_HFN_H1,20,Herbivore
935,2021-09-06 7:37:49,61.42,16.34,UP,HF,S_HFN_H1,20,Herbivore
936,2021-09-06 8:37:49,65.74,18.74,UP,HF,S_HFN_H1,20,Herbivore
937,2021-09-06 9:37:49,65.43,18.57,UP,HF,S_HFN_H1,20,Herbivore
938,2021-09-06 10:37:49,68.37,20.20,UP,HF,S_HFN_H1,20,Herbivore
939,2021-09-06 11:37:49,70.68,21.49,UP,HF,S_HFN_H1,20,Herbivore
940,2021-09-06 12:37:49,64.89,18.27,UP,HF,S_HFN_H1,20,Herbivore
941,2021-09-06 13:37:49,64.89,18.27,UP,HF,S_HFN_H1,20,Herbivore
942,2021-09-06 14:37:49,75.62,24.24,UP,HF,S_HFN_H1,20,Herbivore
943,2021-09-06 15:37:49,70.45,21.36,UP,HF,S_HFN_H1,20,Herbivore
944,2021-09-06 16:37:49,68.52,20.29,UP,HF,S_HFN_H1,20,Herbivore
945,2021-09-06 17:37:49,61.42,16.34,UP,HF,S_HFN_H1,20,Herbivore
946,2021-09-06 18:37:49,65.35,18.53,UP,HF,S_HFN_H1,20,Herbivore
947,2021-09-06 19:37:49,59.18,15.10,UP,HF,S_HFN_H1,20,Herbivore
948,2021-09-06 20:37:49,57.48,14.15,UP,HF,S_HFN_H1,20,Herbivore
949,2021-09-06 21:37:49,58.02,14.45,UP,HF,S_HFN_H1,20,Herbivore
950,2021-09-06 22:37:49,56.17,13.43,UP,HF,S_HFN_H1,20,Herbivore
951,2021-09-06 23:37:49,56.78,13.77,UP,HF,S_HFN_H1,20,Herbivore
952,2021-09-07 0:37:49,54.70,12.61,UP,HF,S_HFN_H1,20,Herbivore
953,2021-09-07 1:37:49,53.08,11.71,UP,HF,S_HFN_H1,20,Herbivore
954,2021-09-07 2:37:49,55.39,13.00,UP,HF,S_HFN_H1,20,Herbivore
955,2021-09-07 3:37:49,54.23,12.35,UP,HF,S_HFN_H1,20,Herbivore
956,2021-09-07 4:37:49,54.39,12.44,UP,HF,S_HFN_H1,20,Herbivore
957,2021-09-07 5:37:49,53.69,12.05,UP,HF,S_HFN_H1,20,Herbivore
958,2021-09-07 6:37:49,53.62,12.01,UP,HF,S_HFN_H1,20,Herbivore
959,2021-09-07 7:37:49,55.01,12.78,UP,HF,S_HFN_H1,20,Herbivore
960,2021-09-07 8:37:49,58.64,14.80,UP,HF,S_HFN_H1,20,Herbivore
961,2021-09-07 9:37:49,64.43,18.02,UP,HF,S_HFN_H1,20,Herbivore
962,2021-09-07 10:37:49,67.36,19.65,UP,HF,S_HFN_H1,20,Herbivore
963,2021-09-07 11:37:49,73.54,23.08,UP,HF,S_HFN_H1,20,Herbivore
964,2021-09-07 12:37:49,76.17,24.54,UP,HF,S_HFN_H1,20,Herbivore
965,2021-09-07 13:37:49,84.35,29.08,UP,HF,S_HFN_H1,20,Herbivore
966,2021-09-07 14:37:49,84.89,29.38,UP,HF,S_HFN_H1,20,Herbivore
967,2021-09-07 15:37:49,82.34,27.97,UP,HF,S_HFN_H1,20,Herbivore
968,2021-09-07 16:37:49,92.61,33.67,UP,HF,S_HFN_H1,20,Herbivore
969,2021-09-07 17:37:49,87.90,31.06,UP,HF,S_HFN_H1,20,Herbivore
970,2021-09-07 18:37:49,73.46,23.03,UP,HF,S_HFN_H1,20,Herbivore
971,2021-09-07 19:37:49,61.80,16.56,UP,HF,S_HFN_H1,20,Herbivore
972,2021-09-07 20:37:49,58.64,14.80,UP,HF,S_HFN_H1,20,Herbivore
973,2021-09-07 21:37:49,57.25,14.03,UP,HF,S_HFN_H1,20,Herbivore
974,2021-09-07 22:37:49,57.40,14.11,UP,HF,S_HFN_H1,20,Herbivore
975,2021-09-07 23:37:49,56.24,13.47,UP,HF,S_HFN_H1,20,Herbivore
976,2021-09-08 0:37:49,56.86,13.81,UP,HF,S_HFN_H1,20,Herbivore
977,2021-09-08 1:37:49,57.86,14.37,UP,HF,S_HFN_H1,20,Herbivore
978,2021-09-08 2:37:49,58.87,14.93,UP,HF,S_HFN_H1,20,Herbivore
979,2021-09-08 3:37:49,61.72,16.51,UP,HF,S_HFN_H1,20,Herbivore
980,2021-09-08 4:37:49,63.27,17.37,UP,HF,S_HFN_H1,20,Herbivore
981,2021-09-08 5:37:49,63.27,17.37,UP,HF,S_HFN_H1,20,Herbivore
982,2021-09-08 6:37:49,64.12,17.84,UP,HF,S_HFN_H1,20,Herbivore
983,2021-09-08 7:37:49,64.81,18.23,UP,HF,S_HFN_H1,20,Herbivore
984,2021-09-08 8:37:49,67.83,19.90,UP,HF,S_HFN_H1,20,Herbivore
985,2021-09-08 9:37:49,72.69,22.61,UP,HF,S_HFN_H1,20,Herbivore
986,2021-09-08 10:37:49,75.39,24.11,UP,HF,S_HFN_H1,20,Herbivore
987,2021-09-08 11:37:49,78.10,25.61,UP,HF,S_HFN_H1,20,Herbivore
988,2021-09-08 12:37:49,83.96,28.87,UP,HF,S_HFN_H1,20,Herbivore
989,2021-09-08 13:37:49,90.45,32.47,UP,HF,S_HFN_H1,20,Herbivore
990,2021-09-08 14:37:49,94.08,34.49,UP,HF,S_HFN_H1,20,Herbivore
991,2021-09-08 15:37:49,82.73,28.18,UP,HF,S_HFN_H1,20,Herbivore
992,2021-09-08 16:37:49,71.84,22.13,UP,HF,S_HFN_H1,20,Herbivore
993,2021-09-08 17:37:49,67.36,19.65,UP,HF,S_HFN_H1,20,Herbivore
994,2021-09-08 18:37:49,62.19,16.77,UP,HF,S_HFN_H1,20,Herbivore
995,2021-09-08 19:37:49,63.27,17.37,UP,HF,S_HFN_H1,20,Herbivore
996,2021-09-08 20:37:49,63.50,17.50,UP,HF,S_HFN_H1,20,Herbivore
997,2021-09-08 21:37:49,63.58,17.54,UP,HF,S_HFN_H1,20,Herbivore
998,2021-09-08 22:37:49,63.42,17.46,UP,HF,S_HFN_H1,20,Herbivore
999,2021-09-08 23:37:49,62.50,16.94,UP,HF,S_HFN_H1,20,Herbivore
1000,2021-09-09 0:37:49,62.50,16.94,UP,HF,S_HFN_H1,20,Herbivore
1001,2021-09-09 1:37:49,61.72,16.51,UP,HF,S_HFN_H1,20,Herbivore
1002,2021-09-09 2:37:49,63.50,17.50,UP,HF,S_HFN_H1,20,Herbivore
1003,2021-09-09 3:37:49,63.96,17.76,UP,HF,S_HFN_H1,20,Herbivore
1004,2021-09-09 4:37:49,64.20,17.89,UP,HF,S_HFN_H1,20,Herbivore
1005,2021-09-09 5:37:49,63.58,17.54,UP,HF,S_HFN_H1,20,Herbivore
1006,2021-09-09 6:37:49,61.72,16.51,UP,HF,S_HFN_H1,20,Herbivore
1007,2021-09-09 7:37:49,63.73,17.63,UP,HF,S_HFN_H1,20,Herbivore
1008,2021-09-09 8:37:49,66.74,19.30,UP,HF,S_HFN_H1,20,Herbivore
1009,2021-09-09 9:37:49,68.37,20.20,UP,HF,S_HFN_H1,20,Herbivore
1010,2021-09-09 10:37:49,68.98,20.55,UP,HF,S_HFN_H1,20,Herbivore
1011,2021-09-09 11:37:49,70.30,21.28,UP,HF,S_HFN_H1,20,Herbivore
1012,2021-09-09 12:37:49,72.54,22.52,UP,HF,S_HFN_H1,20,Herbivore
1013,2021-09-09 13:37:49,72.77,22.65,UP,HF,S_HFN_H1,20,Herbivore
1014,2021-09-09 14:37:49,71.45,21.92,UP,HF,S_HFN_H1,20,Herbivore
1015,2021-09-09 15:37:49,70.91,21.62,UP,HF,S_HFN_H1,20,Herbivore
1016,2021-09-09 16:37:49,69.06,20.59,UP,HF,S_HFN_H1,20,Herbivore
1017,2021-09-09 17:37:49,67.67,19.82,UP,HF,S_HFN_H1,20,Herbivore
1018,2021-09-09 18:37:49,65.74,18.74,UP,HF,S_HFN_H1,20,Herbivore
1019,2021-09-09 19:37:49,63.11,17.29,UP,HF,S_HFN_H1,20,Herbivore
1020,2021-09-09 20:37:49,61.42,16.34,UP,HF,S_HFN_H1,20,Herbivore
1021,2021-09-09 21:37:49,61.03,16.13,UP,HF,S_HFN_H1,20,Herbivore
1022,2021-09-09 22:37:49,61.42,16.34,UP,HF,S_HFN_H1,20,Herbivore
1023,2021-09-09 23:37:49,62.27,16.81,UP,HF,S_HFN_H1,20,Herbivore
1024,2021-09-10 0:37:49,60.49,15.83,UP,HF,S_HFN_H1,20,Herbivore
1025,2021-09-10 1:37:49,59.79,15.44,UP,HF,S_HFN_H1,20,Herbivore
1026,2021-09-10 2:37:49,60.34,15.74,UP,HF,S_HFN_H1,20,Herbivore
1027,2021-09-10 3:37:49,59.95,15.53,UP,HF,S_HFN_H1,20,Herbivore
1028,2021-09-10 4:37:49,60.03,15.57,UP,HF,S_HFN_H1,20,Herbivore
1029,2021-09-10 5:37:49,59.87,15.48,UP,HF,S_HFN_H1,20,Herbivore
1030,2021-09-10 6:37:49,59.10,15.06,UP,HF,S_HFN_H1,20,Herbivore
1031,2021-09-10 7:37:49,59.49,15.27,UP,HF,S_HFN_H1,20,Herbivore
1032,2021-09-10 8:37:49,61.11,16.17,UP,HF,S_HFN_H1,20,Herbivore
1033,2021-09-10 9:37:49,62.57,16.99,UP,HF,S_HFN_H1,20,Herbivore
1034,2021-09-10 10:37:49,64.81,18.23,UP,HF,S_HFN_H1,20,Herbivore
1035,2021-09-10 11:37:49,64.97,18.32,UP,HF,S_HFN_H1,20,Herbivore
1036,2021-09-10 12:37:49,67.67,19.82,UP,HF,S_HFN_H1,20,Herbivore
1037,2021-09-10 13:37:49,70.84,21.58,UP,HF,S_HFN_H1,20,Herbivore
1038,2021-09-10 14:37:49,78.25,25.69,UP,HF,S_HFN_H1,20,Herbivore
1039,2021-09-10 15:37:49,70.99,21.66,UP,HF,S_HFN_H1,20,Herbivore
1040,2021-09-10 16:37:49,73.15,22.86,UP,HF,S_HFN_H1,20,Herbivore
1041,2021-09-10 17:37:49,63.81,17.67,UP,HF,S_HFN_H1,20,Herbivore
1042,2021-09-10 18:37:49,65.74,18.74,UP,HF,S_HFN_H1,20,Herbivore
1043,2021-09-10 19:37:49,57.94,14.41,UP,HF,S_HFN_H1,20,Herbivore
1044,2021-09-10 20:37:49,56.09,13.38,UP,HF,S_HFN_H1,20,Herbivore
1045,2021-09-10 21:37:49,56.71,13.73,UP,HF,S_HFN_H1,20,Herbivore
1046,2021-09-10 22:37:49,54.39,12.44,UP,HF,S_HFN_H1,20,Herbivore
1047,2021-09-10 23:37:49,50.61,10.34,UP,HF,S_HFN_H1,20,Herbivore
1048,2021-09-11 0:37:49,49.99,9.99,UP,HF,S_HFN_H1,20,Herbivore
1049,2021-09-11 1:37:49,51.30,10.72,UP,HF,S_HFN_H1,20,Herbivore
1050,2021-09-11 2:37:49,52.15,11.19,UP,HF,S_HFN_H1,20,Herbivore
1051,2021-09-11 3:37:49,52.54,11.41,UP,HF,S_HFN_H1,20,Herbivore
1052,2021-09-11 4:37:49,52.38,11.32,UP,HF,S_HFN_H1,20,Herbivore
1053,2021-09-11 5:37:49,51.22,10.68,UP,HF,S_HFN_H1,20,Herbivore
1054,2021-09-11 6:37:49,49.52,9.74,UP,HF,S_HFN_H1,20,Herbivore
1055,2021-09-11 7:37:49,51.07,10.59,UP,HF,S_HFN_H1,20,Herbivore
1056,2021-09-11 8:37:49,56.01,13.34,UP,HF,S_HFN_H1,20,Herbivore
1057,2021-09-11 9:37:49,63.50,17.50,UP,HF,S_HFN_H1,20,Herbivore
1058,2021-09-11 10:37:49,71.30,21.83,UP,HF,S_HFN_H1,20,Herbivore
1059,2021-09-11 11:37:49,75.24,24.02,UP,HF,S_HFN_H1,20,Herbivore
1060,2021-09-11 12:37:49,79.49,26.38,UP,HF,S_HFN_H1,20,Herbivore
1061,2021-09-11 13:37:49,88.52,31.40,UP,HF,S_HFN_H1,20,Herbivore
1062,2021-09-11 14:37:49,90.61,32.56,UP,HF,S_HFN_H1,20,Herbivore
1063,2021-09-11 15:37:49,89.99,32.22,UP,HF,S_HFN_H1,20,Herbivore
1064,2021-09-11 16:37:49,88.06,31.14,UP,HF,S_HFN_H1,20,Herbivore
1065,2021-09-11 17:37:49,80.18,26.77,UP,HF,S_HFN_H1,20,Herbivore
1066,2021-09-11 18:37:49,70.22,21.23,UP,HF,S_HFN_H1,20,Herbivore
1067,2021-09-11 19:37:49,62.81,17.11,UP,HF,S_HFN_H1,20,Herbivore
1068,2021-09-11 20:37:49,61.65,16.47,UP,HF,S_HFN_H1,20,Herbivore
1069,2021-09-11 21:37:49,61.42,16.34,UP,HF,S_HFN_H1,20,Herbivore
1070,2021-09-11 22:37:49,60.41,15.78,UP,HF,S_HFN_H1,20,Herbivore
1071,2021-09-11 23:37:49,62.03,16.69,UP,HF,S_HFN_H1,20,Herbivore
1072,2021-09-12 0:37:49,62.73,17.07,UP,HF,S_HFN_H1,20,Herbivore
1073,2021-09-12 1:37:49,62.88,17.16,UP,HF,S_HFN_H1,20,Herbivore
1074,2021-09-12 2:37:49,63.42,17.46,UP,HF,S_HFN_H1,20,Herbivore
1075,2021-09-12 3:37:49,63.35,17.41,UP,HF,S_HFN_H1,20,Herbivore
1076,2021-09-12 4:37:49,62.73,17.07,UP,HF,S_HFN_H1,20,Herbivore
1077,2021-09-12 5:37:49,61.65,16.47,UP,HF,S_HFN_H1,20,Herbivore
1078,2021-09-12 6:37:49,61.80,16.56,UP,HF,S_HFN_H1,20,Herbivore
1079,2021-09-12 7:37:49,62.65,17.03,UP,HF,S_HFN_H1,20,Herbivore
1080,2021-09-12 8:37:49,65.12,18.40,UP,HF,S_HFN_H1,20,Herbivore
1081,2021-09-12 9:37:49,71.61,22.01,UP,HF,S_HFN_H1,20,Herbivore
1082,2021-09-12 10:37:49,70.45,21.36,UP,HF,S_HFN_H1,20,Herbivore
1083,2021-09-12 11:37:49,68.37,20.20,UP,HF,S_HFN_H1,20,Herbivore
1084,2021-09-12 12:37:49,77.17,25.09,UP,HF,S_HFN_H1,20,Herbivore
1085,2021-09-12 13:37:49,75.24,24.02,UP,HF,S_HFN_H1,20,Herbivore
1086,2021-09-12 14:37:49,72.07,22.26,UP,HF,S_HFN_H1,20,Herbivore
1087,2021-09-12 15:37:49,85.82,29.90,UP,HF,S_HFN_H1,20,Herbivore
1088,2021-09-12 16:37:49,91.61,33.12,UP,HF,S_HFN_H1,20,Herbivore
1089,2021-09-12 17:37:49,75.01,23.89,UP,HF,S_HFN_H1,20,Herbivore
1090,2021-09-12 18:37:49,70.45,21.36,UP,HF,S_HFN_H1,20,Herbivore
1091,2021-09-12 19:37:49,65.05,18.36,UP,HF,S_HFN_H1,20,Herbivore
1092,2021-09-12 20:37:49,63.27,17.37,UP,HF,S_HFN_H1,20,Herbivore
1093,2021-09-12 21:37:49,60.18,15.66,UP,HF,S_HFN_H1,20,Herbivore
1094,2021-09-12 22:37:49,58.10,14.50,UP,HF,S_HFN_H1,20,Herbivore
1095,2021-09-12 23:37:49,59.79,15.44,UP,HF,S_HFN_H1,20,Herbivore
1096,2021-09-13 0:37:49,59.25,15.14,UP,HF,S_HFN_H1,20,Herbivore
1097,2021-09-13 1:37:49,58.33,14.63,UP,HF,S_HFN_H1,20,Herbivore
1098,2021-09-13 2:37:49,58.10,14.50,UP,HF,S_HFN_H1,20,Herbivore
1099,2021-09-13 3:37:49,58.25,14.58,UP,HF,S_HFN_H1,20,Herbivore
1100,2021-09-13 4:37:49,58.17,14.54,UP,HF,S_HFN_H1,20,Herbivore
1101,2021-09-13 5:37:49,56.94,13.85,UP,HF,S_HFN_H1,20,Herbivore
1102,2021-09-13 6:37:49,57.63,14.24,UP,HF,S_HFN_H1,20,Herbivore
1103,2021-09-13 7:37:49,56.78,13.77,UP,HF,S_HFN_H1,20,Herbivore
1104,2021-09-13 8:37:49,61.11,16.17,UP,HF,S_HFN_H1,20,Herbivore
1105,2021-09-13 9:37:49,68.52,20.29,UP,HF,S_HFN_H1,20,Herbivore
1106,2021-09-13 10:37:49,76.94,24.97,UP,HF,S_HFN_H1,20,Herbivore
1107,2021-09-13 11:37:49,79.79,26.55,UP,HF,S_HFN_H1,20,Herbivore
1108,2021-09-13 12:37:49,80.49,26.94,UP,HF,S_HFN_H1,20,Herbivore
1109,2021-09-13 13:37:49,86.13,30.07,UP,HF,S_HFN_H1,20,Herbivore
1110,2021-09-13 14:37:49,93.08,33.93,UP,HF,S_HFN_H1,20,Herbivore
1111,2021-09-13 15:37:49,93.08,33.93,UP,HF,S_HFN_H1,20,Herbivore
1112,2021-09-13 16:37:49,90.61,32.56,UP,HF,S_HFN_H1,20,Herbivore
1113,2021-09-13 17:37:49,81.42,27.45,UP,HF,S_HFN_H1,20,Herbivore
1114,2021-09-13 18:37:49,65.74,18.74,UP,HF,S_HFN_H1,20,Herbivore
1115,2021-09-13 19:37:49,59.49,15.27,UP,HF,S_HFN_H1,20,Herbivore
1116,2021-09-13 20:37:49,56.32,13.51,UP,HF,S_HFN_H1,20,Herbivore
1117,2021-09-13 21:37:49,55.86,13.25,UP,HF,S_HFN_H1,20,Herbivore
1118,2021-09-13 22:37:49,54.00,12.22,UP,HF,S_HFN_H1,20,Herbivore
1119,2021-09-13 23:37:49,54.23,12.35,UP,HF,S_HFN_H1,20,Herbivore
1120,2021-09-14 0:37:49,53.54,11.97,UP,HF,S_HFN_H1,20,Herbivore
1121,2021-09-14 1:37:49,52.69,11.49,UP,HF,S_HFN_H1,20,Herbivore
1122,2021-09-14 2:37:49,53.15,11.75,UP,HF,S_HFN_H1,20,Herbivore
1123,2021-09-14 3:37:49,51.61,10.89,UP,HF,S_HFN_H1,20,Herbivore
1124,2021-09-14 4:37:49,49.91,9.95,UP,HF,S_HFN_H1,20,Herbivore
1125,2021-09-14 5:37:49,49.22,9.56,UP,HF,S_HFN_H1,20,Herbivore
1126,2021-09-14 6:37:49,48.21,9.01,UP,HF,S_HFN_H1,20,Herbivore
1127,2021-09-14 7:37:49,52.84,11.58,UP,HF,S_HFN_H1,20,Herbivore
1128,2021-09-14 8:37:49,55.47,13.04,UP,HF,S_HFN_H1,20,Herbivore
1129,2021-09-14 9:37:49,64.58,18.10,UP,HF,S_HFN_H1,20,Herbivore
1130,2021-09-14 10:37:49,73.54,23.08,UP,HF,S_HFN_H1,20,Herbivore
1131,2021-09-14 11:37:49,77.09,25.05,UP,HF,S_HFN_H1,20,Herbivore
1132,2021-09-14 12:37:49,79.79,26.55,UP,HF,S_HFN_H1,20,Herbivore
1133,2021-09-14 13:37:49,88.13,31.19,UP,HF,S_HFN_H1,20,Herbivore
1134,2021-09-14 14:37:49,92.30,33.50,UP,HF,S_HFN_H1,20,Herbivore
1135,2021-09-14 15:37:49,82.19,27.88,UP,HF,S_HFN_H1,20,Herbivore
1136,2021-09-14 16:37:49,80.95,27.20,UP,HF,S_HFN_H1,20,Herbivore
1137,2021-09-14 17:37:49,75.93,24.41,UP,HF,S_HFN_H1,20,Herbivore
1138,2021-09-14 18:37:49,67.05,19.47,UP,HF,S_HFN_H1,20,Herbivore
1139,2021-09-14 19:37:49,64.04,17.80,UP,HF,S_HFN_H1,20,Herbivore
1140,2021-09-14 20:37:49,64.43,18.02,UP,HF,S_HFN_H1,20,Herbivore
1141,2021-09-14 21:37:49,64.81,18.23,UP,HF,S_HFN_H1,20,Herbivore
1142,2021-09-14 22:37:49,64.20,17.89,UP,HF,S_HFN_H1,20,Herbivore
1143,2021-09-14 23:37:49,65.97,18.87,UP,HF,S_HFN_H1,20,Herbivore
1144,2021-09-15 0:37:49,67.83,19.90,UP,HF,S_HFN_H1,20,Herbivore
1145,2021-09-15 1:37:49,68.29,20.16,UP,HF,S_HFN_H1,20,Herbivore
1146,2021-09-15 2:37:49,68.44,20.25,UP,HF,S_HFN_H1,20,Herbivore
1147,2021-09-15 3:37:49,68.83,20.46,UP,HF,S_HFN_H1,20,Herbivore
1148,2021-09-15 4:37:49,68.91,20.50,UP,HF,S_HFN_H1,20,Herbivore
1149,2021-09-15 5:37:49,68.67,20.37,UP,HF,S_HFN_H1,20,Herbivore
1150,2021-09-15 6:37:49,68.91,20.50,UP,HF,S_HFN_H1,20,Herbivore
1151,2021-09-15 7:37:49,67.36,19.65,UP,HF,S_HFN_H1,20,Herbivore
1152,2021-09-15 8:37:49,70.76,21.53,UP,HF,S_HFN_H1,20,Herbivore
1153,2021-09-15 9:37:49,70.53,21.40,UP,HF,S_HFN_H1,20,Herbivore
1154,2021-09-15 10:37:49,75.70,24.28,UP,HF,S_HFN_H1,20,Herbivore
1155,2021-09-15 11:37:49,78.25,25.69,UP,HF,S_HFN_H1,20,Herbivore
1156,2021-09-15 12:37:49,81.42,27.45,UP,HF,S_HFN_H1,20,Herbivore
1157,2021-09-15 13:37:49,79.56,26.42,UP,HF,S_HFN_H1,20,Herbivore
1158,2021-09-15 14:37:49,67.52,19.73,UP,HF,S_HFN_H1,20,Herbivore
1159,2021-09-15 15:37:49,67.13,19.52,UP,HF,S_HFN_H1,20,Herbivore
1160,2021-09-15 16:37:49,67.67,19.82,UP,HF,S_HFN_H1,20,Herbivore
1161,2021-09-15 17:37:49,65.43,18.57,UP,HF,S_HFN_H1,20,Herbivore
1162,2021-09-15 18:37:49,64.04,17.80,UP,HF,S_HFN_H1,20,Herbivore
1163,2021-09-15 19:37:49,63.04,17.24,UP,HF,S_HFN_H1,20,Herbivore
1164,2021-09-15 20:37:49,62.81,17.11,UP,HF,S_HFN_H1,20,Herbivore
1165,2021-09-15 21:37:49,60.88,16.04,UP,HF,S_HFN_H1,20,Herbivore
1166,2021-09-15 22:37:49,58.02,14.45,UP,HF,S_HFN_H1,20,Herbivore
1167,2021-09-15 23:37:49,57.48,14.15,UP,HF,S_HFN_H1,20,Herbivore
1168,2021-09-16 0:37:49,56.24,13.47,UP,HF,S_HFN_H1,20,Herbivore
1169,2021-09-16 1:37:49,56.17,13.43,UP,HF,S_HFN_H1,20,Herbivore
1170,2021-09-16 2:37:49,55.16,12.87,UP,HF,S_HFN_H1,20,Herbivore
1171,2021-09-16 3:37:49,54.85,12.70,UP,HF,S_HFN_H1,20,Herbivore
1172,2021-09-16 4:37:49,54.23,12.35,UP,HF,S_HFN_H1,20,Herbivore
1173,2021-09-16 5:37:49,53.62,12.01,UP,HF,S_HFN_H1,20,Herbivore
1174,2021-09-16 6:37:49,51.69,10.94,UP,HF,S_HFN_H1,20,Herbivore
1175,2021-09-16 7:37:49,52.46,11.37,UP,HF,S_HFN_H1,20,Herbivore
1176,2021-09-16 8:37:49,55.32,12.95,UP,HF,S_HFN_H1,20,Herbivore
1177,2021-09-16 9:37:49,64.66,18.14,UP,HF,S_HFN_H1,20,Herbivore
1178,2021-09-16 10:37:49,70.06,21.15,UP,HF,S_HFN_H1,20,Herbivore
1179,2021-09-16 11:37:49,74.00,23.34,UP,HF,S_HFN_H1,20,Herbivore
1180,2021-09-16 12:37:49,79.49,26.38,UP,HF,S_HFN_H1,20,Herbivore
1181,2021-09-16 13:37:49,83.42,28.57,UP,HF,S_HFN_H1,20,Herbivore
1182,2021-09-16 14:37:49,89.22,31.79,UP,HF,S_HFN_H1,20,Herbivore
1183,2021-09-16 15:37:49,89.91,32.17,UP,HF,S_HFN_H1,20,Herbivore
1184,2021-09-16 16:37:49,91.15,32.86,UP,HF,S_HFN_H1,20,Herbivore
1185,2021-09-16 17:37:49,84.89,29.38,UP,HF,S_HFN_H1,20,Herbivore
1186,2021-09-16 18:37:49,69.60,20.89,UP,HF,S_HFN_H1,20,Herbivore
1187,2021-09-16 19:37:49,59.56,15.31,UP,HF,S_HFN_H1,20,Herbivore
1188,2021-09-16 20:37:49,56.94,13.85,UP,HF,S_HFN_H1,20,Herbivore
1189,2021-09-16 21:37:49,56.94,13.85,UP,HF,S_HFN_H1,20,Herbivore
1190,2021-09-16 22:37:49,56.17,13.43,UP,HF,S_HFN_H1,20,Herbivore
1191,2021-09-16 23:37:49,55.86,13.25,UP,HF,S_HFN_H1,20,Herbivore
1192,2021-09-17 0:37:49,55.01,12.78,UP,HF,S_HFN_H1,20,Herbivore
1193,2021-09-17 1:37:49,57.25,14.03,UP,HF,S_HFN_H1,20,Herbivore
1194,2021-09-17 2:37:49,58.87,14.93,UP,HF,S_HFN_H1,20,Herbivore
1195,2021-09-17 3:37:49,58.25,14.58,UP,HF,S_HFN_H1,20,Herbivore
1196,2021-09-17 4:37:49,57.94,14.41,UP,HF,S_HFN_H1,20,Herbivore
1197,2021-09-17 5:37:49,60.64,15.91,UP,HF,S_HFN_H1,20,Herbivore
1198,2021-09-17 6:37:49,60.80,16.00,UP,HF,S_HFN_H1,20,Herbivore
1199,2021-09-17 7:37:49,62.34,16.86,UP,HF,S_HFN_H1,20,Herbivore
1200,2021-09-17 8:37:49,65.82,18.79,UP,HF,S_HFN_H1,20,Herbivore
1201,2021-09-17 9:37:49,70.14,21.19,UP,HF,S_HFN_H1,20,Herbivore
1202,2021-09-17 10:37:49,73.23,22.91,UP,HF,S_HFN_H1,20,Herbivore
1203,2021-09-17 11:37:49,74.47,23.59,UP,HF,S_HFN_H1,20,Herbivore
1204,2021-09-17 12:37:49,79.41,26.34,UP,HF,S_HFN_H1,20,Herbivore
1205,2021-09-17 13:37:49,77.32,25.18,UP,HF,S_HFN_H1,20,Herbivore
1206,2021-09-17 14:37:49,80.10,26.72,UP,HF,S_HFN_H1,20,Herbivore
1207,2021-09-17 15:37:49,86.44,30.24,UP,HF,S_HFN_H1,20,Herbivore
1208,2021-09-17 16:37:49,79.87,26.60,UP,HF,S_HFN_H1,20,Herbivore
1209,2021-09-17 17:37:49,76.94,24.97,UP,HF,S_HFN_H1,20,Herbivore
1210,2021-09-17 18:37:49,73.77,23.21,UP,HF,S_HFN_H1,20,Herbivore
1211,2021-09-17 19:37:49,64.58,18.10,UP,HF,S_HFN_H1,20,Herbivore
1212,2021-09-17 20:37:49,66.82,19.35,UP,HF,S_HFN_H1,20,Herbivore
1213,2021-09-17 21:37:49,65.12,18.40,UP,HF,S_HFN_H1,20,Herbivore
1214,2021-09-17 22:37:49,63.42,17.46,UP,HF,S_HFN_H1,20,Herbivore
1215,2021-09-17 23:37:49,65.20,18.44,UP,HF,S_HFN_H1,20,Herbivore
1216,2021-09-18 0:37:49,65.59,18.66,UP,HF,S_HFN_H1,20,Herbivore
1217,2021-09-18 1:37:49,65.89,18.83,UP,HF,S_HFN_H1,20,Herbivore
1218,2021-09-18 2:37:49,65.51,18.62,UP,HF,S_HFN_H1,20,Herbivore
1219,2021-09-18 3:37:49,65.43,18.57,UP,HF,S_HFN_H1,20,Herbivore
1220,2021-09-18 4:37:49,65.89,18.83,UP,HF,S_HFN_H1,20,Herbivore
1221,2021-09-18 5:37:49,64.35,17.97,UP,HF,S_HFN_H1,20,Herbivore
1222,2021-09-18 6:37:49,62.73,17.07,UP,HF,S_HFN_H1,20,Herbivore
1223,2021-09-18 7:37:49,66.67,19.26,UP,HF,S_HFN_H1,20,Herbivore
1224,2021-09-18 8:37:49,69.22,20.68,UP,HF,S_HFN_H1,20,Herbivore
1225,2021-09-18 9:37:49,73.00,22.78,UP,HF,S_HFN_H1,20,Herbivore
1226,2021-09-18 10:37:49,75.01,23.89,UP,HF,S_HFN_H1,20,Herbivore
1227,2021-09-18 11:37:49,77.09,25.05,UP,HF,S_HFN_H1,20,Herbivore
1228,2021-09-18 12:37:49,80.72,27.07,UP,HF,S_HFN_H1,20,Herbivore
1229,2021-09-18 13:37:49,71.92,22.18,UP,HF,S_HFN_H1,20,Herbivore
1230,2021-09-18 14:37:49,76.63,24.79,UP,HF,S_HFN_H1,20,Herbivore
1231,2021-09-18 15:37:49,76.78,24.88,UP,HF,S_HFN_H1,20,Herbivore
1232,2021-09-18 16:37:49,69.37,20.76,UP,HF,S_HFN_H1,20,Herbivore
1233,2021-09-18 17:37:49,65.51,18.62,UP,HF,S_HFN_H1,20,Herbivore
1234,2021-09-18 18:37:49,62.50,16.94,UP,HF,S_HFN_H1,20,Herbivore
1235,2021-09-18 19:37:49,56.86,13.81,UP,HF,S_HFN_H1,20,Herbivore
1236,2021-09-18 20:37:49,55.39,13.00,UP,HF,S_HFN_H1,20,Herbivore
1237,2021-09-18 21:37:49,53.23,11.79,UP,HF,S_HFN_H1,20,Herbivore
1238,2021-09-18 22:37:49,53.23,11.79,UP,HF,S_HFN_H1,20,Herbivore
1239,2021-09-18 23:37:49,51.69,10.94,UP,HF,S_HFN_H1,20,Herbivore
1240,2021-09-19 0:37:49,51.38,10.77,UP,HF,S_HFN_H1,20,Herbivore
1241,2021-09-19 1:37:49,50.30,10.16,UP,HF,S_HFN_H1,20,Herbivore
1242,2021-09-19 2:37:49,50.06,10.04,UP,HF,S_HFN_H1,20,Herbivore
1243,2021-09-19 3:37:49,49.37,9.65,UP,HF,S_HFN_H1,20,Herbivore
1244,2021-09-19 4:37:49,48.75,9.31,UP,HF,S_HFN_H1,20,Herbivore
1245,2021-09-19 5:37:49,48.91,9.39,UP,HF,S_HFN_H1,20,Herbivore
1246,2021-09-19 6:37:49,50.30,10.16,UP,HF,S_HFN_H1,20,Herbivore
1247,2021-09-19 7:37:49,52.92,11.62,UP,HF,S_HFN_H1,20,Herbivore
1248,2021-09-19 8:37:49,55.62,13.12,UP,HF,S_HFN_H1,20,Herbivore
1249,2021-09-19 9:37:49,59.95,15.53,UP,HF,S_HFN_H1,20,Herbivore
1250,2021-09-19 10:37:49,64.66,18.14,UP,HF,S_HFN_H1,20,Herbivore
1251,2021-09-19 11:37:49,70.06,21.15,UP,HF,S_HFN_H1,20,Herbivore
1252,2021-09-19 12:37:49,75.01,23.89,UP,HF,S_HFN_H1,20,Herbivore
1253,2021-09-19 13:37:49,83.35,28.53,UP,HF,S_HFN_H1,20,Herbivore
1254,2021-09-19 14:37:49,88.60,31.44,UP,HF,S_HFN_H1,20,Herbivore
1255,2021-09-19 15:37:49,89.14,31.74,UP,HF,S_HFN_H1,20,Herbivore
1256,2021-09-19 16:37:49,86.98,30.54,UP,HF,S_HFN_H1,20,Herbivore
1257,2021-09-19 17:37:49,79.02,26.12,UP,HF,S_HFN_H1,20,Herbivore
1258,2021-09-19 18:37:49,62.34,16.86,UP,HF,S_HFN_H1,20,Herbivore
1259,2021-09-19 19:37:49,53.15,11.75,UP,HF,S_HFN_H1,20,Herbivore
1260,2021-09-19 20:37:49,50.45,10.25,UP,HF,S_HFN_H1,20,Herbivore
1261,2021-09-19 21:37:49,48.98,9.44,UP,HF,S_HFN_H1,20,Herbivore
1262,2021-09-19 22:37:49,47.90,8.83,UP,HF,S_HFN_H1,20,Herbivore
1263,2021-09-19 23:37:49,47.67,8.71,UP,HF,S_HFN_H1,20,Herbivore
1264,2021-09-20 0:37:49,47.75,8.75,UP,HF,S_HFN_H1,20,Herbivore
1265,2021-09-20 1:37:49,47.21,8.45,UP,HF,S_HFN_H1,20,Herbivore
1266,2021-09-20 2:37:49,45.89,7.72,UP,HF,S_HFN_H1,20,Herbivore
1267,2021-09-20 3:37:49,45.59,7.55,UP,HF,S_HFN_H1,20,Herbivore
1268,2021-09-20 4:37:49,45.12,7.29,UP,HF,S_HFN_H1,20,Herbivore
1269,2021-09-20 5:37:49,44.97,7.20,UP,HF,S_HFN_H1,20,Herbivore
1270,2021-09-20 6:37:49,44.58,6.99,UP,HF,S_HFN_H1,20,Herbivore
1271,2021-09-20 7:37:49,46.90,8.28,UP,HF,S_HFN_H1,20,Herbivore
1272,2021-09-20 8:37:49,49.83,9.91,UP,HF,S_HFN_H1,20,Herbivore
1273,2021-09-20 9:37:49,58.87,14.93,UP,HF,S_HFN_H1,20,Herbivore
1274,2021-09-20 10:37:49,69.22,20.68,UP,HF,S_HFN_H1,20,Herbivore
1275,2021-09-20 11:37:49,76.86,24.92,UP,HF,S_HFN_H1,20,Herbivore
1276,2021-09-20 12:37:49,82.50,28.05,UP,HF,S_HFN_H1,20,Herbivore
1277,2021-09-20 13:37:49,88.91,31.61,UP,HF,S_HFN_H1,20,Herbivore
1278,2021-09-20 14:37:49,93.00,33.89,UP,HF,S_HFN_H1,20,Herbivore
1279,2021-09-20 15:37:49,94.39,34.66,UP,HF,S_HFN_H1,20,Herbivore
1280,2021-09-20 16:37:49,89.14,31.74,UP,HF,S_HFN_H1,20,Herbivore
1281,2021-09-20 17:37:49,83.73,28.74,UP,HF,S_HFN_H1,20,Herbivore
1282,2021-09-20 18:37:49,65.20,18.44,UP,HF,S_HFN_H1,20,Herbivore
1283,2021-09-20 19:37:49,56.40,13.55,UP,HF,S_HFN_H1,20,Herbivore
1284,2021-09-20 20:37:49,54.62,12.57,UP,HF,S_HFN_H1,20,Herbivore
1285,2021-09-20 21:37:49,55.01,12.78,UP,HF,S_HFN_H1,20,Herbivore
1286,2021-09-20 22:37:49,54.54,12.52,UP,HF,S_HFN_H1,20,Herbivore
1287,2021-09-20 23:37:49,53.93,12.18,UP,HF,S_HFN_H1,20,Herbivore
1288,2021-09-21 0:37:49,57.32,14.07,UP,HF,S_HFN_H1,20,Herbivore
1289,2021-09-21 1:37:49,59.64,15.36,UP,HF,S_HFN_H1,20,Herbivore
1290,2021-09-21 2:37:49,57.63,14.24,UP,HF,S_HFN_H1,20,Herbivore
1291,2021-09-21 3:37:49,59.49,15.27,UP,HF,S_HFN_H1,20,Herbivore
1292,2021-09-21 4:37:49,59.79,15.44,UP,HF,S_HFN_H1,20,Herbivore
1293,2021-09-21 5:37:49,58.71,14.84,UP,HF,S_HFN_H1,20,Herbivore
1294,2021-09-21 6:37:49,58.56,14.75,UP,HF,S_HFN_H1,20,Herbivore
1295,2021-09-21 7:37:49,58.71,14.84,UP,HF,S_HFN_H1,20,Herbivore
1296,2021-09-21 8:37:49,60.41,15.78,UP,HF,S_HFN_H1,20,Herbivore
1297,2021-09-21 9:37:49,64.20,17.89,UP,HF,S_HFN_H1,20,Herbivore
1298,2021-09-21 10:37:49,71.61,22.01,UP,HF,S_HFN_H1,20,Herbivore
1299,2021-09-21 11:37:49,76.01,24.45,UP,HF,S_HFN_H1,20,Herbivore
1300,2021-09-21 12:37:49,81.03,27.24,UP,HF,S_HFN_H1,20,Herbivore
1301,2021-09-21 13:37:49,86.44,30.24,UP,HF,S_HFN_H1,20,Herbivore
1302,2021-09-21 14:37:49,80.64,27.02,UP,HF,S_HFN_H1,20,Herbivore
1303,2021-09-21 15:37:49,79.18,26.21,UP,HF,S_HFN_H1,20,Herbivore
1304,2021-09-21 16:37:49,75.62,24.24,UP,HF,S_HFN_H1,20,Herbivore
1305,2021-09-21 17:37:49,76.01,24.45,UP,HF,S_HFN_H1,20,Herbivore
1306,2021-09-21 18:37:49,64.89,18.27,UP,HF,S_HFN_H1,20,Herbivore
1307,2021-09-21 19:37:49,60.49,15.83,UP,HF,S_HFN_H1,20,Herbivore
1308,2021-09-21 20:37:49,58.10,14.50,UP,HF,S_HFN_H1,20,Herbivore
1309,2021-09-21 21:37:49,56.94,13.85,UP,HF,S_HFN_H1,20,Herbivore
1310,2021-09-21 22:37:49,56.55,13.64,UP,HF,S_HFN_H1,20,Herbivore
1311,2021-09-21 23:37:49,60.41,15.78,UP,HF,S_HFN_H1,20,Herbivore
1312,2021-09-22 0:37:49,59.25,15.14,UP,HF,S_HFN_H1,20,Herbivore
1313,2021-09-22 1:37:49,60.88,16.04,UP,HF,S_HFN_H1,20,Herbivore
1314,2021-09-22 2:37:49,61.88,16.60,UP,HF,S_HFN_H1,20,Herbivore
1315,2021-09-22 3:37:49,61.11,16.17,UP,HF,S_HFN_H1,20,Herbivore
1316,2021-09-22 4:37:49,59.56,15.31,UP,HF,S_HFN_H1,20,Herbivore
1317,2021-09-22 5:37:49,60.34,15.74,UP,HF,S_HFN_H1,20,Herbivore
1318,2021-09-22 6:37:49,62.19,16.77,UP,HF,S_HFN_H1,20,Herbivore
1319,2021-09-22 7:37:49,63.50,17.50,UP,HF,S_HFN_H1,20,Herbivore
1320,2021-09-22 8:37:49,66.82,19.35,UP,HF,S_HFN_H1,20,Herbivore
1321,2021-09-22 9:37:49,69.22,20.68,UP,HF,S_HFN_H1,20,Herbivore
1322,2021-09-22 10:37:49,72.69,22.61,UP,HF,S_HFN_H1,20,Herbivore
1323,2021-09-22 11:37:49,72.23,22.35,UP,HF,S_HFN_H1,20,Herbivore
1324,2021-09-22 12:37:49,79.02,26.12,UP,HF,S_HFN_H1,20,Herbivore
1325,2021-09-22 13:37:49,88.21,31.23,UP,HF,S_HFN_H1,20,Herbivore
1326,2021-09-22 14:37:49,84.27,29.04,UP,HF,S_HFN_H1,20,Herbivore
1327,2021-09-22 15:37:49,89.06,31.70,UP,HF,S_HFN_H1,20,Herbivore
1328,2021-09-22 16:37:49,79.79,26.55,UP,HF,S_HFN_H1,20,Herbivore
1329,2021-09-22 17:37:49,82.27,27.93,UP,HF,S_HFN_H1,20,Herbivore
1330,2021-09-22 18:37:49,72.38,22.43,UP,HF,S_HFN_H1,20,Herbivore
1331,2021-09-22 19:37:49,68.52,20.29,UP,HF,S_HFN_H1,20,Herbivore
1332,2021-09-22 20:37:49,66.59,19.22,UP,HF,S_HFN_H1,20,Herbivore
1333,2021-09-22 21:37:49,69.45,20.80,UP,HF,S_HFN_H1,20,Herbivore
1334,2021-09-22 22:37:49,68.21,20.12,UP,HF,S_HFN_H1,20,Herbivore
1335,2021-09-22 23:37:49,64.27,17.93,UP,HF,S_HFN_H1,20,Herbivore
1336,2021-09-23 0:37:49,64.81,18.23,UP,HF,S_HFN_H1,20,Herbivore
1337,2021-09-23 1:37:49,69.52,20.85,UP,HF,S_HFN_H1,20,Herbivore
1338,2021-09-23 2:37:49,70.45,21.36,UP,HF,S_HFN_H1,20,Herbivore
1339,2021-09-23 3:37:49,69.45,20.80,UP,HF,S_HFN_H1,20,Herbivore
1340,2021-09-23 4:37:49,70.22,21.23,UP,HF,S_HFN_H1,20,Herbivore
1341,2021-09-23 5:37:49,69.99,21.10,UP,HF,S_HFN_H1,20,Herbivore
1342,2021-09-23 6:37:49,68.83,20.46,UP,HF,S_HFN_H1,20,Herbivore
1343,2021-09-23 7:37:49,65.89,18.83,UP,HF,S_HFN_H1,20,Herbivore
1344,2021-09-23 8:37:49,68.37,20.20,UP,HF,S_HFN_H1,20,Herbivore
1345,2021-09-23 9:37:49,72.30,22.39,UP,HF,S_HFN_H1,20,Herbivore
1346,2021-09-23 10:37:49,78.71,25.95,UP,HF,S_HFN_H1,20,Herbivore
1347,2021-09-23 11:37:49,80.34,26.85,UP,HF,S_HFN_H1,20,Herbivore
1348,2021-09-23 12:37:49,90.14,32.30,UP,HF,S_HFN_H1,20,Herbivore
1349,2021-09-23 13:37:49,86.51,30.28,UP,HF,S_HFN_H1,20,Herbivore
1350,2021-09-23 14:37:49,95.70,35.39,UP,HF,S_HFN_H1,20,Herbivore
1351,2021-09-23 15:37:49,83.35,28.53,UP,HF,S_HFN_H1,20,Herbivore
1352,2021-09-23 16:37:49,86.28,30.16,UP,HF,S_HFN_H1,20,Herbivore
1353,2021-09-23 17:37:49,78.17,25.65,UP,HF,S_HFN_H1,20,Herbivore
1354,2021-09-23 18:37:49,70.84,21.58,UP,HF,S_HFN_H1,20,Herbivore
1355,2021-09-23 19:37:49,66.98,19.43,UP,HF,S_HFN_H1,20,Herbivore
1356,2021-09-23 20:37:49,67.83,19.90,UP,HF,S_HFN_H1,20,Herbivore
1357,2021-09-23 21:37:49,69.45,20.80,UP,HF,S_HFN_H1,20,Herbivore
1358,2021-09-23 22:37:49,71.53,21.96,UP,HF,S_HFN_H1,20,Herbivore
1359,2021-09-23 23:37:49,70.76,21.53,UP,HF,S_HFN_H1,20,Herbivore
1360,2021-09-24 0:37:49,71.30,21.83,UP,HF,S_HFN_H1,20,Herbivore
1361,2021-09-24 1:37:49,70.53,21.40,UP,HF,S_HFN_H1,20,Herbivore
1362,2021-09-24 2:37:49,68.75,20.42,UP,HF,S_HFN_H1,20,Herbivore
1363,2021-09-24 3:37:49,65.51,18.62,UP,HF,S_HFN_H1,20,Herbivore
1364,2021-09-24 4:37:49,63.66,17.59,UP,HF,S_HFN_H1,20,Herbivore
1365,2021-09-24 5:37:49,62.96,17.20,UP,HF,S_HFN_H1,20,Herbivore
1366,2021-09-24 6:37:49,62.34,16.86,UP,HF,S_HFN_H1,20,Herbivore
1367,2021-09-24 7:37:49,61.80,16.56,UP,HF,S_HFN_H1,20,Herbivore
1368,2021-09-24 8:37:49,60.41,15.78,UP,HF,S_HFN_H1,20,Herbivore
1369,2021-09-24 9:37:49,61.03,16.13,UP,HF,S_HFN_H1,20,Herbivore
1370,2021-09-24 10:37:49,62.65,17.03,UP,HF,S_HFN_H1,20,Herbivore
1371,2021-09-24 11:37:49,63.66,17.59,UP,HF,S_HFN_H1,20,Herbivore
1372,2021-09-24 12:37:49,71.15,21.75,UP,HF,S_HFN_H1,20,Herbivore
1373,2021-09-24 13:37:49,81.80,27.67,UP,HF,S_HFN_H1,20,Herbivore
1374,2021-09-24 14:37:49,84.74,29.30,UP,HF,S_HFN_H1,20,Herbivore
1375,2021-09-24 15:37:49,86.51,30.28,UP,HF,S_HFN_H1,20,Herbivore
1376,2021-09-24 16:37:49,81.96,27.75,UP,HF,S_HFN_H1,20,Herbivore
1377,2021-09-24 17:37:49,67.59,19.77,UP,HF,S_HFN_H1,20,Herbivore
1378,2021-09-24 18:37:49,64.04,17.80,UP,HF,S_HFN_H1,20,Herbivore
1379,2021-09-24 19:37:49,59.49,15.27,UP,HF,S_HFN_H1,20,Herbivore
1380,2021-09-24 20:37:49,53.93,12.18,UP,HF,S_HFN_H1,20,Herbivore
1381,2021-09-24 21:37:49,51.92,11.07,UP,HF,S_HFN_H1,20,Herbivore
1382,2021-09-24 22:37:49,51.07,10.59,UP,HF,S_HFN_H1,20,Herbivore
1383,2021-09-24 23:37:49,50.30,10.16,UP,HF,S_HFN_H1,20,Herbivore
1384,2021-09-25 0:37:49,53.93,12.18,UP,HF,S_HFN_H1,20,Herbivore
1385,2021-09-25 1:37:49,50.84,10.46,UP,HF,S_HFN_H1,20,Herbivore
1386,2021-09-25 2:37:49,48.75,9.31,UP,HF,S_HFN_H1,20,Herbivore
1387,2021-09-25 3:37:49,48.52,9.18,UP,HF,S_HFN_H1,20,Herbivore
1388,2021-09-25 4:37:49,52.00,11.11,UP,HF,S_HFN_H1,20,Herbivore
1389,2021-09-25 5:37:49,49.22,9.56,UP,HF,S_HFN_H1,20,Herbivore
1390,2021-09-25 6:37:49,47.75,8.75,UP,HF,S_HFN_H1,20,Herbivore
1391,2021-09-25 7:37:49,48.91,9.39,UP,HF,S_HFN_H1,20,Herbivore
1392,2021-09-25 8:37:49,53.15,11.75,UP,HF,S_HFN_H1,20,Herbivore
1393,2021-09-25 9:37:49,56.63,13.68,UP,HF,S_HFN_H1,20,Herbivore
1394,2021-09-25 10:37:49,67.13,19.52,UP,HF,S_HFN_H1,20,Herbivore
1395,2021-09-25 11:37:49,71.07,21.70,UP,HF,S_HFN_H1,20,Herbivore
1396,2021-09-25 12:37:49,72.54,22.52,UP,HF,S_HFN_H1,20,Herbivore
1397,2021-09-25 13:37:49,81.11,27.28,UP,HF,S_HFN_H1,20,Herbivore
1398,2021-09-25 14:37:49,90.06,32.26,UP,HF,S_HFN_H1,20,Herbivore
1399,2021-09-25 15:37:49,83.27,28.48,UP,HF,S_HFN_H1,20,Herbivore
1400,2021-09-25 16:37:49,74.85,23.81,UP,HF,S_HFN_H1,20,Herbivore
1401,2021-09-25 17:37:49,67.75,19.86,UP,HF,S_HFN_H1,20,Herbivore
1402,2021-09-25 18:37:49,59.64,15.36,UP,HF,S_HFN_H1,20,Herbivore
1403,2021-09-25 19:37:49,55.70,13.17,UP,HF,S_HFN_H1,20,Herbivore
1404,2021-09-25 20:37:49,55.55,13.08,UP,HF,S_HFN_H1,20,Herbivore
1405,2021-09-25 21:37:49,54.93,12.74,UP,HF,S_HFN_H1,20,Herbivore
1406,2021-09-25 22:37:49,53.15,11.75,UP,HF,S_HFN_H1,20,Herbivore
1407,2021-09-25 23:37:49,52.30,11.28,UP,HF,S_HFN_H1,20,Herbivore
1408,2021-09-26 0:37:49,52.77,11.54,UP,HF,S_HFN_H1,20,Herbivore
1409,2021-09-26 1:37:49,52.84,11.58,UP,HF,S_HFN_H1,20,Herbivore
1410,2021-09-26 2:37:49,53.15,11.75,UP,HF,S_HFN_H1,20,Herbivore
1411,2021-09-26 3:37:49,53.85,12.14,UP,HF,S_HFN_H1,20,Herbivore
1412,2021-09-26 4:37:49,53.15,11.75,UP,HF,S_HFN_H1,20,Herbivore
1413,2021-09-26 5:37:49,54.23,12.35,UP,HF,S_HFN_H1,20,Herbivore
1414,2021-09-26 6:37:49,52.07,11.15,UP,HF,S_HFN_H1,20,Herbivore
1415,2021-09-26 7:37:49,53.62,12.01,UP,HF,S_HFN_H1,20,Herbivore
1416,2021-09-26 8:37:49,57.94,14.41,UP,HF,S_HFN_H1,20,Herbivore
1417,2021-09-26 9:37:49,59.72,15.40,UP,HF,S_HFN_H1,20,Herbivore
1418,2021-09-26 10:37:49,67.13,19.52,UP,HF,S_HFN_H1,20,Herbivore
1419,2021-09-26 11:37:49,71.38,21.88,UP,HF,S_HFN_H1,20,Herbivore
1420,2021-09-26 12:37:49,79.33,26.30,UP,HF,S_HFN_H1,20,Herbivore
1421,2021-09-26 13:37:49,70.99,21.66,UP,HF,S_HFN_H1,20,Herbivore
1422,2021-09-26 14:37:49,87.36,30.76,UP,HF,S_HFN_H1,20,Herbivore
1423,2021-09-26 15:37:49,78.17,25.65,UP,HF,S_HFN_H1,20,Herbivore
1424,2021-09-26 16:37:49,64.27,17.93,UP,HF,S_HFN_H1,20,Herbivore
1425,2021-09-26 17:37:49,63.66,17.59,UP,HF,S_HFN_H1,20,Herbivore
1426,2021-09-26 18:37:49,61.34,16.30,UP,HF,S_HFN_H1,20,Herbivore
1427,2021-09-26 19:37:49,58.71,14.84,UP,HF,S_HFN_H1,20,Herbivore
1428,2021-09-26 20:37:49,56.78,13.77,UP,HF,S_HFN_H1,20,Herbivore
1429,2021-09-26 21:37:49,54.78,12.65,UP,HF,S_HFN_H1,20,Herbivore
1430,2021-09-26 22:37:49,53.77,12.10,UP,HF,S_HFN_H1,20,Herbivore
1431,2021-09-26 23:37:49,50.53,10.29,UP,HF,S_HFN_H1,20,Herbivore
1432,2021-09-27 0:37:49,52.46,11.37,UP,HF,S_HFN_H1,20,Herbivore
1433,2021-09-27 1:37:49,52.00,11.11,UP,HF,S_HFN_H1,20,Herbivore
1434,2021-09-27 2:37:49,47.44,8.58,UP,HF,S_HFN_H1,20,Herbivore
1435,2021-09-27 3:37:49,46.82,8.23,UP,HF,S_HFN_H1,20,Herbivore
1436,2021-09-27 4:37:49,47.83,8.79,UP,HF,S_HFN_H1,20,Herbivore
1437,2021-09-27 5:37:49,51.22,10.68,UP,HF,S_HFN_H1,20,Herbivore
1438,2021-09-27 6:37:49,50.68,10.38,UP,HF,S_HFN_H1,20,Herbivore
1439,2021-09-27 7:37:49,53.23,11.79,UP,HF,S_HFN_H1,20,Herbivore
1440,2021-09-27 8:37:49,54.93,12.74,UP,HF,S_HFN_H1,20,Herbivore
1441,2021-09-27 9:37:49,55.86,13.25,UP,HF,S_HFN_H1,20,Herbivore
1442,2021-09-27 10:37:49,57.56,14.20,UP,HF,S_HFN_H1,20,Herbivore
1443,2021-09-27 11:37:49,56.94,13.85,UP,HF,S_HFN_H1,20,Herbivore
1444,2021-09-27 12:37:49,57.17,13.98,UP,HF,S_HFN_H1,20,Herbivore
1445,2021-09-27 13:37:49,58.33,14.63,UP,HF,S_HFN_H1,20,Herbivore
1446,2021-09-27 14:37:49,58.33,14.63,UP,HF,S_HFN_H1,20,Herbivore
1447,2021-09-27 15:37:49,58.64,14.80,UP,HF,S_HFN_H1,20,Herbivore
1448,2021-09-27 16:37:49,58.79,14.88,UP,HF,S_HFN_H1,20,Herbivore
1449,2021-09-27 17:37:49,58.79,14.88,UP,HF,S_HFN_H1,20,Herbivore
1450,2021-09-27 18:37:49,58.71,14.84,UP,HF,S_HFN_H1,20,Herbivore
1451,2021-09-27 19:37:49,58.95,14.97,UP,HF,S_HFN_H1,20,Herbivore
1452,2021-09-27 20:37:49,59.25,15.14,UP,HF,S_HFN_H1,20,Herbivore
1453,2021-09-27 21:37:49,59.72,15.40,UP,HF,S_HFN_H1,20,Herbivore
1454,2021-09-27 22:37:49,58.95,14.97,UP,HF,S_HFN_H1,20,Herbivore
1455,2021-09-27 23:37:49,57.09,13.94,UP,HF,S_HFN_H1,20,Herbivore
1456,2021-09-28 0:37:49,57.86,14.37,UP,HF,S_HFN_H1,20,Herbivore
1457,2021-09-28 1:37:49,58.02,14.45,UP,HF,S_HFN_H1,20,Herbivore
1458,2021-09-28 2:37:49,58.25,14.58,UP,HF,S_HFN_H1,20,Herbivore
1459,2021-09-28 3:37:49,57.71,14.28,UP,HF,S_HFN_H1,20,Herbivore
1460,2021-09-28 4:37:49,57.25,14.03,UP,HF,S_HFN_H1,20,Herbivore
1461,2021-09-28 5:37:49,55.62,13.12,UP,HF,S_HFN_H1,20,Herbivore
1462,2021-09-28 6:37:49,52.07,11.15,UP,HF,S_HFN_H1,20,Herbivore
1463,2021-09-28 7:37:49,52.07,11.15,UP,HF,S_HFN_H1,20,Herbivore
1464,2021-09-28 8:37:49,52.92,11.62,UP,HF,S_HFN_H1,20,Herbivore
1465,2021-09-28 9:37:49,56.71,13.73,UP,HF,S_HFN_H1,20,Herbivore
1466,2021-09-28 10:37:49,59.41,15.23,UP,HF,S_HFN_H1,20,Herbivore
1467,2021-09-28 11:37:49,64.35,17.97,UP,HF,S_HFN_H1,20,Herbivore
1468,2021-09-28 12:37:49,70.53,21.40,UP,HF,S_HFN_H1,20,Herbivore
1469,2021-09-28 13:37:49,78.40,25.78,UP,HF,S_HFN_H1,20,Herbivore
1470,2021-09-28 14:37:49,80.72,27.07,UP,HF,S_HFN_H1,20,Herbivore
1471,2021-09-28 15:37:49,82.57,28.10,UP,HF,S_HFN_H1,20,Herbivore
1472,2021-09-28 16:37:49,80.10,26.72,UP,HF,S_HFN_H1,20,Herbivore
1473,2021-09-28 17:37:49,55.47,13.04,UP,HF,S_HFN_H1,20,Herbivore
1474,2021-09-28 18:37:49,53.46,11.92,UP,HF,S_HFN_H1,20,Herbivore
1475,2021-09-28 19:37:49,49.60,9.78,UP,HF,S_HFN_H1,20,Herbivore
1476,2021-09-28 20:37:49,48.67,9.26,UP,HF,S_HFN_H1,20,Herbivore
1477,2021-09-28 21:37:49,48.44,9.14,UP,HF,S_HFN_H1,20,Herbivore
1478,2021-09-28 22:37:49,46.13,7.85,UP,HF,S_HFN_H1,20,Herbivore
1479,2021-09-28 23:37:49,44.12,6.73,UP,HF,S_HFN_H1,20,Herbivore
1480,2021-09-29 0:37:49,43.35,6.30,UP,HF,S_HFN_H1,20,Herbivore
1481,2021-09-29 1:37:49,42.96,6.09,UP,HF,S_HFN_H1,20,Herbivore
1482,2021-09-29 2:37:49,44.97,7.20,UP,HF,S_HFN_H1,20,Herbivore
1483,2021-09-29 3:37:49,46.05,7.81,UP,HF,S_HFN_H1,20,Herbivore
1484,2021-09-29 4:37:49,46.74,8.19,UP,HF,S_HFN_H1,20,Herbivore
1485,2021-09-29 5:37:49,47.59,8.66,UP,HF,S_HFN_H1,20,Herbivore
1486,2021-09-29 6:37:49,46.82,8.23,UP,HF,S_HFN_H1,20,Herbivore
1487,2021-09-29 7:37:49,45.74,7.63,UP,HF,S_HFN_H1,20,Herbivore
1488,2021-09-29 8:37:49,49.68,9.82,UP,HF,S_HFN_H1,20,Herbivore
1489,2021-09-29 9:37:49,52.00,11.11,UP,HF,S_HFN_H1,20,Herbivore
1490,2021-09-29 10:37:49,54.23,12.35,UP,HF,S_HFN_H1,20,Herbivore
1491,2021-09-29 11:37:49,61.72,16.51,UP,HF,S_HFN_H1,20,Herbivore
1492,2021-09-29 12:37:49,58.17,14.54,UP,HF,S_HFN_H1,20,Herbivore
1493,2021-09-29 13:37:49,57.17,13.98,UP,HF,S_HFN_H1,20,Herbivore
1494,2021-09-29 14:37:49,58.56,14.75,UP,HF,S_HFN_H1,20,Herbivore
1495,2021-09-29 15:37:49,59.72,15.40,UP,HF,S_HFN_H1,20,Herbivore
1496,2021-09-29 16:37:49,55.24,12.91,UP,HF,S_HFN_H1,20,Herbivore
1497,2021-09-29 17:37:49,53.31,11.84,UP,HF,S_HFN_H1,20,Herbivore
1498,2021-09-29 18:37:49,51.22,10.68,UP,HF,S_HFN_H1,20,Herbivore
1499,2021-09-29 19:37:49,50.45,10.25,UP,HF,S_HFN_H1,20,Herbivore
1500,2021-09-29 20:37:49,50.37,10.21,UP,HF,S_HFN_H1,20,Herbivore
1501,2021-09-29 21:37:49,49.99,9.99,UP,HF,S_HFN_H1,20,Herbivore
1502,2021-09-29 22:37:49,49.99,9.99,UP,HF,S_HFN_H1,20,Herbivore
1503,2021-09-29 23:37:49,49.60,9.78,UP,HF,S_HFN_H1,20,Herbivore
1504,2021-09-30 0:37:49,49.60,9.78,UP,HF,S_HFN_H1,20,Herbivore
1505,2021-09-30 1:37:49,48.60,9.22,UP,HF,S_HFN_H1,20,Herbivore
1506,2021-09-30 2:37:49,49.83,9.91,UP,HF,S_HFN_H1,20,Herbivore
1507,2021-09-30 3:37:49,48.91,9.39,UP,HF,S_HFN_H1,20,Herbivore
1508,2021-09-30 4:37:49,47.67,8.71,UP,HF,S_HFN_H1,20,Herbivore
1509,2021-09-30 5:37:49,46.36,7.98,UP,HF,S_HFN_H1,20,Herbivore
1510,2021-09-30 6:37:49,48.37,9.09,UP,HF,S_HFN_H1,20,Herbivore
1511,2021-09-30 7:37:49,48.29,9.05,UP,HF,S_HFN_H1,20,Herbivore
1512,2021-09-30 8:37:49,49.52,9.74,UP,HF,S_HFN_H1,20,Herbivore
1513,2021-09-30 9:37:49,51.61,10.89,UP,HF,S_HFN_H1,20,Herbivore
1514,2021-09-30 10:37:49,51.38,10.77,UP,HF,S_HFN_H1,20,Herbivore
1515,2021-09-30 11:37:49,52.84,11.58,UP,HF,S_HFN_H1,20,Herbivore
1516,2021-09-30 12:37:49,54.39,12.44,UP,HF,S_HFN_H1,20,Herbivore
1517,2021-09-30 13:37:49,69.76,20.98,UP,HF,S_HFN_H1,20,Herbivore
1518,2021-09-30 14:37:49,68.13,20.07,UP,HF,S_HFN_H1,20,Herbivore
1519,2021-09-30 15:37:49,74.16,23.42,UP,HF,S_HFN_H1,20,Herbivore
1520,2021-09-30 16:37:49,62.88,17.16,UP,HF,S_HFN_H1,20,Herbivore
1521,2021-09-30 17:37:49,55.62,13.12,UP,HF,S_HFN_H1,20,Herbivore
1522,2021-09-30 18:37:49,50.76,10.42,UP,HF,S_HFN_H1,20,Herbivore
1523,2021-09-30 19:37:49,49.45,9.69,UP,HF,S_HFN_H1,20,Herbivore
1524,2021-09-30 20:37:49,46.59,8.11,UP,HF,S_HFN_H1,20,Herbivore
1525,2021-09-30 21:37:49,46.51,8.06,UP,HF,S_HFN_H1,20,Herbivore
1526,2021-09-30 22:37:49,47.75,8.75,UP,HF,S_HFN_H1,20,Herbivore
1527,2021-09-30 23:37:49,48.67,9.26,UP,HF,S_HFN_H1,20,Herbivore
1528,2021-10-01 0:37:49,47.05,8.36,UP,HF,S_HFN_H1,20,Herbivore
1529,2021-10-01 1:37:49,48.29,9.05,UP,HF,S_HFN_H1,20,Herbivore
1530,2021-10-01 2:37:49,47.98,8.88,UP,HF,S_HFN_H1,20,Herbivore
1531,2021-10-01 3:37:49,46.67,8.15,UP,HF,S_HFN_H1,20,Herbivore
1532,2021-10-01 4:37:49,45.12,7.29,UP,HF,S_HFN_H1,20,Herbivore
1533,2021-10-01 5:37:49,43.96,6.65,UP,HF,S_HFN_H1,20,Herbivore
1534,2021-10-01 6:37:49,46.74,8.19,UP,HF,S_HFN_H1,20,Herbivore
1535,2021-10-01 7:37:49,46.98,8.32,UP,HF,S_HFN_H1,20,Herbivore
1536,2021-10-01 8:37:49,50.68,10.38,UP,HF,S_HFN_H1,20,Herbivore
1537,2021-10-01 9:37:49,53.93,12.18,UP,HF,S_HFN_H1,20,Herbivore
1538,2021-10-01 10:37:49,59.72,15.40,UP,HF,S_HFN_H1,20,Herbivore