Event,Date_Time,TemperatureC,Field,Pop,Cage,Height,Treatment
1,2021-08-08 10:13:38,29.26,UP,UP,S_UPH_V1,40,Veg
2,2021-08-08 11:13:38,28.70,UP,UP,S_UPH_V1,40,Veg
3,2021-08-08 12:13:38,28.40,UP,UP,S_UPH_V1,40,Veg
4,2021-08-08 13:13:38,31.06,UP,UP,S_UPH_V1,40,Veg
5,2021-08-08 14:13:38,31.87,UP,UP,S_UPH_V1,40,Veg
6,2021-08-08 15:13:38,34.19,UP,UP,S_UPH_V1,40,Veg
7,2021-08-08 16:13:38,36.38,UP,UP,S_UPH_V1,40,Veg
8,2021-08-08 17:13:38,29.60,UP,UP,S_UPH_V1,40,Veg
9,2021-08-08 18:13:38,26.94,UP,UP,S_UPH_V1,40,Veg
10,2021-08-08 19:13:38,25.01,UP,UP,S_UPH_V1,40,Veg
11,2021-08-08 20:13:38,23.25,UP,UP,S_UPH_V1,40,Veg
12,2021-08-08 21:13:38,21.58,UP,UP,S_UPH_V1,40,Veg
13,2021-08-08 22:13:38,20.29,UP,UP,S_UPH_V1,40,Veg
14,2021-08-08 23:13:38,19.77,UP,UP,S_UPH_V1,40,Veg
15,2021-08-09 0:13:38,19.04,UP,UP,S_UPH_V1,40,Veg
16,2021-08-09 1:13:38,18.96,UP,UP,S_UPH_V1,40,Veg
17,2021-08-09 2:13:38,19.17,UP,UP,S_UPH_V1,40,Veg
18,2021-08-09 3:13:38,19.65,UP,UP,S_UPH_V1,40,Veg
19,2021-08-09 4:13:38,18.66,UP,UP,S_UPH_V1,40,Veg
20,2021-08-09 5:13:38,18.40,UP,UP,S_UPH_V1,40,Veg
21,2021-08-09 6:13:38,18.74,UP,UP,S_UPH_V1,40,Veg
22,2021-08-09 7:13:38,21.96,UP,UP,S_UPH_V1,40,Veg
23,2021-08-09 8:13:38,25.44,UP,UP,S_UPH_V1,40,Veg
24,2021-08-09 9:13:38,27.97,UP,UP,S_UPH_V1,40,Veg
25,2021-08-09 10:13:38,28.57,UP,UP,S_UPH_V1,40,Veg
26,2021-08-09 11:13:38,31.79,UP,UP,S_UPH_V1,40,Veg
27,2021-08-09 12:13:38,30.76,UP,UP,S_UPH_V1,40,Veg
28,2021-08-09 13:13:38,30.50,UP,UP,S_UPH_V1,40,Veg
29,2021-08-09 14:13:38,32.34,UP,UP,S_UPH_V1,40,Veg
30,2021-08-09 15:13:38,35.00,UP,UP,S_UPH_V1,40,Veg
31,2021-08-09 16:13:38,38.69,UP,UP,S_UPH_V1,40,Veg
32,2021-08-09 17:13:38,35.35,UP,UP,S_UPH_V1,40,Veg
33,2021-08-09 18:13:38,34.83,UP,UP,S_UPH_V1,40,Veg
34,2021-08-09 19:13:38,29.26,UP,UP,S_UPH_V1,40,Veg
35,2021-08-09 20:13:38,22.95,UP,UP,S_UPH_V1,40,Veg
36,2021-08-09 21:13:38,20.55,UP,UP,S_UPH_V1,40,Veg
37,2021-08-09 22:13:38,19.69,UP,UP,S_UPH_V1,40,Veg
38,2021-08-09 23:13:38,19.09,UP,UP,S_UPH_V1,40,Veg
39,2021-08-10 0:13:38,18.92,UP,UP,S_UPH_V1,40,Veg
40,2021-08-10 1:13:38,18.66,UP,UP,S_UPH_V1,40,Veg
41,2021-08-10 2:13:38,19.00,UP,UP,S_UPH_V1,40,Veg
42,2021-08-10 3:13:38,18.57,UP,UP,S_UPH_V1,40,Veg
43,2021-08-10 4:13:38,18.32,UP,UP,S_UPH_V1,40,Veg
44,2021-08-10 5:13:38,18.40,UP,UP,S_UPH_V1,40,Veg
45,2021-08-10 6:13:38,18.57,UP,UP,S_UPH_V1,40,Veg
46,2021-08-10 7:13:38,21.45,UP,UP,S_UPH_V1,40,Veg
47,2021-08-10 8:13:38,24.75,UP,UP,S_UPH_V1,40,Veg
48,2021-08-10 9:13:38,27.93,UP,UP,S_UPH_V1,40,Veg
49,2021-08-10 10:13:38,29.90,UP,UP,S_UPH_V1,40,Veg
50,2021-08-10 11:13:38,30.59,UP,UP,S_UPH_V1,40,Veg
51,2021-08-10 12:13:38,32.30,UP,UP,S_UPH_V1,40,Veg
52,2021-08-10 13:13:38,33.72,UP,UP,S_UPH_V1,40,Veg
53,2021-08-10 14:13:38,35.09,UP,UP,S_UPH_V1,40,Veg
54,2021-08-10 15:13:38,37.32,UP,UP,S_UPH_V1,40,Veg
55,2021-08-10 16:13:38,39.89,UP,UP,S_UPH_V1,40,Veg
56,2021-08-10 17:13:38,34.79,UP,UP,S_UPH_V1,40,Veg
57,2021-08-10 18:13:38,34.36,UP,UP,S_UPH_V1,40,Veg
58,2021-08-10 19:13:38,29.13,UP,UP,S_UPH_V1,40,Veg
59,2021-08-10 20:13:38,25.65,UP,UP,S_UPH_V1,40,Veg
60,2021-08-10 21:13:38,24.88,UP,UP,S_UPH_V1,40,Veg
61,2021-08-10 22:13:38,24.92,UP,UP,S_UPH_V1,40,Veg
62,2021-08-10 23:13:38,24.02,UP,UP,S_UPH_V1,40,Veg
63,2021-08-11 0:13:38,24.32,UP,UP,S_UPH_V1,40,Veg
64,2021-08-11 1:13:38,23.89,UP,UP,S_UPH_V1,40,Veg
65,2021-08-11 2:13:38,23.59,UP,UP,S_UPH_V1,40,Veg
66,2021-08-11 3:13:38,23.59,UP,UP,S_UPH_V1,40,Veg
67,2021-08-11 4:13:38,22.31,UP,UP,S_UPH_V1,40,Veg
68,2021-08-11 5:13:38,22.05,UP,UP,S_UPH_V1,40,Veg
69,2021-08-11 6:13:38,22.61,UP,UP,S_UPH_V1,40,Veg
70,2021-08-11 7:13:38,22.56,UP,UP,S_UPH_V1,40,Veg
71,2021-08-11 8:13:38,23.51,UP,UP,S_UPH_V1,40,Veg
72,2021-08-11 9:13:38,24.54,UP,UP,S_UPH_V1,40,Veg
73,2021-08-11 10:13:38,25.65,UP,UP,S_UPH_V1,40,Veg
74,2021-08-11 11:13:38,29.86,UP,UP,S_UPH_V1,40,Veg
75,2021-08-11 12:13:38,32.69,UP,UP,S_UPH_V1,40,Veg
76,2021-08-11 13:13:38,33.07,UP,UP,S_UPH_V1,40,Veg
77,2021-08-11 14:13:38,35.00,UP,UP,S_UPH_V1,40,Veg
78,2021-08-11 15:13:38,37.58,UP,UP,S_UPH_V1,40,Veg
79,2021-08-11 16:13:38,40.75,UP,UP,S_UPH_V1,40,Veg
80,2021-08-11 17:13:38,38.14,UP,UP,S_UPH_V1,40,Veg
81,2021-08-11 18:13:38,28.18,UP,UP,S_UPH_V1,40,Veg
82,2021-08-11 19:13:38,29.60,UP,UP,S_UPH_V1,40,Veg
83,2021-08-11 20:13:38,25.57,UP,UP,S_UPH_V1,40,Veg
84,2021-08-11 21:13:38,24.84,UP,UP,S_UPH_V1,40,Veg
85,2021-08-11 22:13:38,23.76,UP,UP,S_UPH_V1,40,Veg
86,2021-08-11 23:13:38,22.65,UP,UP,S_UPH_V1,40,Veg
87,2021-08-12 0:13:38,22.13,UP,UP,S_UPH_V1,40,Veg
88,2021-08-12 1:13:38,21.49,UP,UP,S_UPH_V1,40,Veg
89,2021-08-12 2:13:38,21.62,UP,UP,S_UPH_V1,40,Veg
90,2021-08-12 3:13:38,21.66,UP,UP,S_UPH_V1,40,Veg
91,2021-08-12 4:13:38,22.35,UP,UP,S_UPH_V1,40,Veg
92,2021-08-12 5:13:38,22.39,UP,UP,S_UPH_V1,40,Veg
93,2021-08-12 6:13:38,22.69,UP,UP,S_UPH_V1,40,Veg
94,2021-08-12 7:13:38,23.81,UP,UP,S_UPH_V1,40,Veg
95,2021-08-12 8:13:38,26.94,UP,UP,S_UPH_V1,40,Veg
96,2021-08-12 9:13:38,29.47,UP,UP,S_UPH_V1,40,Veg
97,2021-08-12 10:13:38,30.50,UP,UP,S_UPH_V1,40,Veg
98,2021-08-12 11:13:38,33.37,UP,UP,S_UPH_V1,40,Veg
99,2021-08-12 12:13:38,33.12,UP,UP,S_UPH_V1,40,Veg
100,2021-08-12 13:13:38,33.85,UP,UP,S_UPH_V1,40,Veg
101,2021-08-12 14:13:38,32.30,UP,UP,S_UPH_V1,40,Veg
102,2021-08-12 15:13:38,29.64,UP,UP,S_UPH_V1,40,Veg
103,2021-08-12 16:13:38,31.83,UP,UP,S_UPH_V1,40,Veg
104,2021-08-12 17:13:38,32.30,UP,UP,S_UPH_V1,40,Veg
105,2021-08-12 18:13:38,30.97,UP,UP,S_UPH_V1,40,Veg
106,2021-08-12 19:13:38,29.81,UP,UP,S_UPH_V1,40,Veg
107,2021-08-12 20:13:38,26.12,UP,UP,S_UPH_V1,40,Veg
108,2021-08-12 21:13:38,23.25,UP,UP,S_UPH_V1,40,Veg
109,2021-08-12 22:13:38,22.22,UP,UP,S_UPH_V1,40,Veg
110,2021-08-12 23:13:38,21.58,UP,UP,S_UPH_V1,40,Veg
111,2021-08-13 0:13:38,21.28,UP,UP,S_UPH_V1,40,Veg
112,2021-08-13 1:13:38,20.76,UP,UP,S_UPH_V1,40,Veg
113,2021-08-13 2:13:38,20.25,UP,UP,S_UPH_V1,40,Veg
114,2021-08-13 3:13:38,19.77,UP,UP,S_UPH_V1,40,Veg
115,2021-08-13 4:13:38,19.39,UP,UP,S_UPH_V1,40,Veg
116,2021-08-13 5:13:38,18.87,UP,UP,S_UPH_V1,40,Veg
117,2021-08-13 6:13:38,18.74,UP,UP,S_UPH_V1,40,Veg
118,2021-08-13 7:13:38,21.83,UP,UP,S_UPH_V1,40,Veg
119,2021-08-13 8:13:38,24.79,UP,UP,S_UPH_V1,40,Veg
120,2021-08-13 9:13:38,28.83,UP,UP,S_UPH_V1,40,Veg
121,2021-08-13 10:13:38,32.82,UP,UP,S_UPH_V1,40,Veg
122,2021-08-13 11:13:38,32.69,UP,UP,S_UPH_V1,40,Veg
123,2021-08-13 12:13:38,34.27,UP,UP,S_UPH_V1,40,Veg
124,2021-08-13 13:13:38,35.30,UP,UP,S_UPH_V1,40,Veg
125,2021-08-13 14:13:38,36.51,UP,UP,S_UPH_V1,40,Veg
126,2021-08-13 15:13:38,38.99,UP,UP,S_UPH_V1,40,Veg
127,2021-08-13 16:13:38,41.52,UP,UP,S_UPH_V1,40,Veg
128,2021-08-13 17:13:38,39.38,UP,UP,S_UPH_V1,40,Veg
129,2021-08-13 18:13:38,31.01,UP,UP,S_UPH_V1,40,Veg
130,2021-08-13 19:13:38,28.83,UP,UP,S_UPH_V1,40,Veg
131,2021-08-13 20:13:38,24.41,UP,UP,S_UPH_V1,40,Veg
132,2021-08-13 21:13:38,23.55,UP,UP,S_UPH_V1,40,Veg
133,2021-08-13 22:13:38,23.34,UP,UP,S_UPH_V1,40,Veg
134,2021-08-13 23:13:38,23.34,UP,UP,S_UPH_V1,40,Veg
135,2021-08-14 0:13:38,23.03,UP,UP,S_UPH_V1,40,Veg
136,2021-08-14 1:13:38,22.05,UP,UP,S_UPH_V1,40,Veg
137,2021-08-14 2:13:38,22.35,UP,UP,S_UPH_V1,40,Veg
138,2021-08-14 3:13:38,21.58,UP,UP,S_UPH_V1,40,Veg
139,2021-08-14 4:13:38,20.68,UP,UP,S_UPH_V1,40,Veg
140,2021-08-14 5:13:38,21.40,UP,UP,S_UPH_V1,40,Veg
141,2021-08-14 6:13:38,21.06,UP,UP,S_UPH_V1,40,Veg
142,2021-08-14 7:13:38,21.75,UP,UP,S_UPH_V1,40,Veg
143,2021-08-14 8:13:38,20.68,UP,UP,S_UPH_V1,40,Veg
144,2021-08-14 9:13:38,20.42,UP,UP,S_UPH_V1,40,Veg
145,2021-08-14 10:13:38,20.68,UP,UP,S_UPH_V1,40,Veg
146,2021-08-14 11:13:38,23.94,UP,UP,S_UPH_V1,40,Veg
147,2021-08-14 12:13:38,24.36,UP,UP,S_UPH_V1,40,Veg
148,2021-08-14 13:13:38,25.69,UP,UP,S_UPH_V1,40,Veg
149,2021-08-14 14:13:38,28.48,UP,UP,S_UPH_V1,40,Veg
150,2021-08-14 15:13:38,31.36,UP,UP,S_UPH_V1,40,Veg
151,2021-08-14 16:13:38,33.29,UP,UP,S_UPH_V1,40,Veg
152,2021-08-14 17:13:38,29.56,UP,UP,S_UPH_V1,40,Veg
153,2021-08-14 18:13:38,28.35,UP,UP,S_UPH_V1,40,Veg
154,2021-08-14 19:13:38,25.31,UP,UP,S_UPH_V1,40,Veg
155,2021-08-14 20:13:38,21.06,UP,UP,S_UPH_V1,40,Veg
156,2021-08-14 21:13:38,19.77,UP,UP,S_UPH_V1,40,Veg
157,2021-08-14 22:13:38,18.87,UP,UP,S_UPH_V1,40,Veg
158,2021-08-14 23:13:38,18.02,UP,UP,S_UPH_V1,40,Veg
159,2021-08-15 0:13:38,16.56,UP,UP,S_UPH_V1,40,Veg
160,2021-08-15 1:13:38,16.73,UP,UP,S_UPH_V1,40,Veg
161,2021-08-15 2:13:38,13.90,UP,UP,S_UPH_V1,40,Veg
162,2021-08-15 3:13:38,14.11,UP,UP,S_UPH_V1,40,Veg
163,2021-08-15 4:13:38,12.48,UP,UP,S_UPH_V1,40,Veg
164,2021-08-15 5:13:38,11.71,UP,UP,S_UPH_V1,40,Veg
165,2021-08-15 6:13:38,11.88,UP,UP,S_UPH_V1,40,Veg
166,2021-08-15 7:13:38,13.94,UP,UP,S_UPH_V1,40,Veg
167,2021-08-15 8:13:38,17.84,UP,UP,S_UPH_V1,40,Veg
168,2021-08-15 9:13:38,21.06,UP,UP,S_UPH_V1,40,Veg
169,2021-08-15 10:13:38,22.91,UP,UP,S_UPH_V1,40,Veg
170,2021-08-15 11:13:38,22.73,UP,UP,S_UPH_V1,40,Veg
171,2021-08-15 12:13:38,23.08,UP,UP,S_UPH_V1,40,Veg
172,2021-08-15 13:13:38,24.24,UP,UP,S_UPH_V1,40,Veg
173,2021-08-15 14:13:38,25.91,UP,UP,S_UPH_V1,40,Veg
174,2021-08-15 15:13:38,27.58,UP,UP,S_UPH_V1,40,Veg
175,2021-08-15 16:13:38,29.51,UP,UP,S_UPH_V1,40,Veg
176,2021-08-15 17:13:38,28.14,UP,UP,S_UPH_V1,40,Veg
177,2021-08-15 18:13:38,25.61,UP,UP,S_UPH_V1,40,Veg
178,2021-08-15 19:13:38,22.05,UP,UP,S_UPH_V1,40,Veg
179,2021-08-15 20:13:38,15.78,UP,UP,S_UPH_V1,40,Veg
180,2021-08-15 21:13:38,13.68,UP,UP,S_UPH_V1,40,Veg
181,2021-08-15 22:13:38,13.12,UP,UP,S_UPH_V1,40,Veg
182,2021-08-15 23:13:38,11.58,UP,UP,S_UPH_V1,40,Veg
183,2021-08-16 0:13:38,10.55,UP,UP,S_UPH_V1,40,Veg
184,2021-08-16 1:13:38,10.46,UP,UP,S_UPH_V1,40,Veg
185,2021-08-16 2:13:38,9.86,UP,UP,S_UPH_V1,40,Veg
186,2021-08-16 3:13:38,9.74,UP,UP,S_UPH_V1,40,Veg
187,2021-08-16 4:13:38,9.48,UP,UP,S_UPH_V1,40,Veg
188,2021-08-16 5:13:38,9.05,UP,UP,S_UPH_V1,40,Veg
189,2021-08-16 6:13:38,9.18,UP,UP,S_UPH_V1,40,Veg
190,2021-08-16 7:13:38,11.62,UP,UP,S_UPH_V1,40,Veg
191,2021-08-16 8:13:38,15.44,UP,UP,S_UPH_V1,40,Veg
192,2021-08-16 9:13:38,20.72,UP,UP,S_UPH_V1,40,Veg
193,2021-08-16 10:13:38,24.45,UP,UP,S_UPH_V1,40,Veg
194,2021-08-16 11:13:38,27.24,UP,UP,S_UPH_V1,40,Veg
195,2021-08-16 12:13:38,27.15,UP,UP,S_UPH_V1,40,Veg
196,2021-08-16 13:13:38,27.02,UP,UP,S_UPH_V1,40,Veg
197,2021-08-16 14:13:38,27.63,UP,UP,S_UPH_V1,40,Veg
198,2021-08-16 15:13:38,28.61,UP,UP,S_UPH_V1,40,Veg
199,2021-08-16 16:13:38,34.15,UP,UP,S_UPH_V1,40,Veg
200,2021-08-16 17:13:38,33.67,UP,UP,S_UPH_V1,40,Veg
201,2021-08-16 18:13:38,27.75,UP,UP,S_UPH_V1,40,Veg
202,2021-08-16 19:13:38,22.13,UP,UP,S_UPH_V1,40,Veg
203,2021-08-16 20:13:38,16.90,UP,UP,S_UPH_V1,40,Veg
204,2021-08-16 21:13:38,14.75,UP,UP,S_UPH_V1,40,Veg
205,2021-08-16 22:13:38,13.90,UP,UP,S_UPH_V1,40,Veg
206,2021-08-16 23:13:38,13.25,UP,UP,S_UPH_V1,40,Veg
207,2021-08-17 0:13:38,13.34,UP,UP,S_UPH_V1,40,Veg
208,2021-08-17 1:13:38,13.43,UP,UP,S_UPH_V1,40,Veg
209,2021-08-17 2:13:38,12.87,UP,UP,S_UPH_V1,40,Veg
210,2021-08-17 3:13:38,12.52,UP,UP,S_UPH_V1,40,Veg
211,2021-08-17 4:13:38,12.65,UP,UP,S_UPH_V1,40,Veg
212,2021-08-17 5:13:38,13.38,UP,UP,S_UPH_V1,40,Veg
213,2021-08-17 6:13:38,13.60,UP,UP,S_UPH_V1,40,Veg
214,2021-08-17 7:13:38,15.53,UP,UP,S_UPH_V1,40,Veg
215,2021-08-17 8:13:38,16.81,UP,UP,S_UPH_V1,40,Veg
216,2021-08-17 9:13:38,17.54,UP,UP,S_UPH_V1,40,Veg
217,2021-08-17 10:13:38,18.40,UP,UP,S_UPH_V1,40,Veg
218,2021-08-17 11:13:38,22.22,UP,UP,S_UPH_V1,40,Veg
219,2021-08-17 12:13:38,22.26,UP,UP,S_UPH_V1,40,Veg
220,2021-08-17 13:13:38,21.66,UP,UP,S_UPH_V1,40,Veg
221,2021-08-17 14:13:38,23.21,UP,UP,S_UPH_V1,40,Veg
222,2021-08-17 15:13:38,23.89,UP,UP,S_UPH_V1,40,Veg
223,2021-08-17 16:13:38,24.62,UP,UP,S_UPH_V1,40,Veg
224,2021-08-17 17:13:38,22.99,UP,UP,S_UPH_V1,40,Veg
225,2021-08-17 18:13:38,21.06,UP,UP,S_UPH_V1,40,Veg
226,2021-08-17 19:13:38,20.80,UP,UP,S_UPH_V1,40,Veg
227,2021-08-17 20:13:38,20.20,UP,UP,S_UPH_V1,40,Veg
228,2021-08-17 21:13:38,19.77,UP,UP,S_UPH_V1,40,Veg
229,2021-08-17 22:13:38,19.77,UP,UP,S_UPH_V1,40,Veg
230,2021-08-17 23:13:38,20.03,UP,UP,S_UPH_V1,40,Veg
231,2021-08-18 0:13:38,20.20,UP,UP,S_UPH_V1,40,Veg
232,2021-08-18 1:13:38,20.25,UP,UP,S_UPH_V1,40,Veg
233,2021-08-18 2:13:38,20.25,UP,UP,S_UPH_V1,40,Veg
234,2021-08-18 3:13:38,20.29,UP,UP,S_UPH_V1,40,Veg
235,2021-08-18 4:13:38,20.37,UP,UP,S_UPH_V1,40,Veg
236,2021-08-18 5:13:38,20.16,UP,UP,S_UPH_V1,40,Veg
237,2021-08-18 6:13:38,20.07,UP,UP,S_UPH_V1,40,Veg
238,2021-08-18 7:13:38,20.98,UP,UP,S_UPH_V1,40,Veg
239,2021-08-18 8:13:38,21.66,UP,UP,S_UPH_V1,40,Veg
240,2021-08-18 9:13:38,22.26,UP,UP,S_UPH_V1,40,Veg
241,2021-08-18 10:13:38,23.38,UP,UP,S_UPH_V1,40,Veg
242,2021-08-18 11:13:38,24.02,UP,UP,S_UPH_V1,40,Veg
243,2021-08-18 12:13:38,26.30,UP,UP,S_UPH_V1,40,Veg
244,2021-08-18 13:13:38,27.15,UP,UP,S_UPH_V1,40,Veg
245,2021-08-18 14:13:38,28.18,UP,UP,S_UPH_V1,40,Veg
246,2021-08-18 15:13:38,27.84,UP,UP,S_UPH_V1,40,Veg
247,2021-08-18 16:13:38,27.93,UP,UP,S_UPH_V1,40,Veg
248,2021-08-18 17:13:38,27.54,UP,UP,S_UPH_V1,40,Veg
249,2021-08-18 18:13:38,26.94,UP,UP,S_UPH_V1,40,Veg
250,2021-08-18 19:13:38,24.84,UP,UP,S_UPH_V1,40,Veg
251,2021-08-18 20:13:38,21.96,UP,UP,S_UPH_V1,40,Veg
252,2021-08-18 21:13:38,21.40,UP,UP,S_UPH_V1,40,Veg
253,2021-08-18 22:13:38,21.53,UP,UP,S_UPH_V1,40,Veg
254,2021-08-18 23:13:38,21.28,UP,UP,S_UPH_V1,40,Veg
255,2021-08-19 0:13:38,21.36,UP,UP,S_UPH_V1,40,Veg
256,2021-08-19 1:13:38,21.10,UP,UP,S_UPH_V1,40,Veg
257,2021-08-19 2:13:38,20.98,UP,UP,S_UPH_V1,40,Veg
258,2021-08-19 3:13:38,20.72,UP,UP,S_UPH_V1,40,Veg
259,2021-08-19 4:13:38,20.85,UP,UP,S_UPH_V1,40,Veg
260,2021-08-19 5:13:38,20.68,UP,UP,S_UPH_V1,40,Veg
261,2021-08-19 6:13:38,20.80,UP,UP,S_UPH_V1,40,Veg
262,2021-08-19 7:13:38,20.89,UP,UP,S_UPH_V1,40,Veg
263,2021-08-19 8:13:38,21.15,UP,UP,S_UPH_V1,40,Veg
264,2021-08-19 9:13:38,20.93,UP,UP,S_UPH_V1,40,Veg
265,2021-08-19 10:13:38,21.70,UP,UP,S_UPH_V1,40,Veg
266,2021-08-19 11:13:38,22.73,UP,UP,S_UPH_V1,40,Veg
267,2021-08-19 12:13:38,24.45,UP,UP,S_UPH_V1,40,Veg
268,2021-08-19 13:13:38,24.84,UP,UP,S_UPH_V1,40,Veg
269,2021-08-19 14:13:38,23.68,UP,UP,S_UPH_V1,40,Veg
270,2021-08-19 15:13:38,24.11,UP,UP,S_UPH_V1,40,Veg
271,2021-08-19 16:13:38,23.21,UP,UP,S_UPH_V1,40,Veg
272,2021-08-19 17:13:38,22.48,UP,UP,S_UPH_V1,40,Veg
273,2021-08-19 18:13:38,22.05,UP,UP,S_UPH_V1,40,Veg
274,2021-08-19 19:13:38,21.53,UP,UP,S_UPH_V1,40,Veg
275,2021-08-19 20:13:38,21.02,UP,UP,S_UPH_V1,40,Veg
276,2021-08-19 21:13:38,20.93,UP,UP,S_UPH_V1,40,Veg
277,2021-08-19 22:13:38,20.76,UP,UP,S_UPH_V1,40,Veg
278,2021-08-19 23:13:38,20.76,UP,UP,S_UPH_V1,40,Veg
279,2021-08-20 0:13:38,20.85,UP,UP,S_UPH_V1,40,Veg
280,2021-08-20 1:13:38,20.76,UP,UP,S_UPH_V1,40,Veg
281,2021-08-20 2:13:38,20.50,UP,UP,S_UPH_V1,40,Veg
282,2021-08-20 3:13:38,21.10,UP,UP,S_UPH_V1,40,Veg
283,2021-08-20 4:13:38,21.15,UP,UP,S_UPH_V1,40,Veg
284,2021-08-20 5:13:38,20.93,UP,UP,S_UPH_V1,40,Veg
285,2021-08-20 6:13:38,20.46,UP,UP,S_UPH_V1,40,Veg
286,2021-08-20 7:13:38,21.66,UP,UP,S_UPH_V1,40,Veg
287,2021-08-20 8:13:38,22.99,UP,UP,S_UPH_V1,40,Veg
288,2021-08-20 9:13:38,25.39,UP,UP,S_UPH_V1,40,Veg
289,2021-08-20 10:13:38,26.08,UP,UP,S_UPH_V1,40,Veg
290,2021-08-20 11:13:38,28.57,UP,UP,S_UPH_V1,40,Veg
291,2021-08-20 12:13:38,29.38,UP,UP,S_UPH_V1,40,Veg
292,2021-08-20 13:13:38,30.71,UP,UP,S_UPH_V1,40,Veg
293,2021-08-20 14:13:38,32.47,UP,UP,S_UPH_V1,40,Veg
294,2021-08-20 15:13:38,32.99,UP,UP,S_UPH_V1,40,Veg
295,2021-08-20 16:13:38,33.50,UP,UP,S_UPH_V1,40,Veg
296,2021-08-20 17:13:38,33.29,UP,UP,S_UPH_V1,40,Veg
297,2021-08-20 18:13:38,32.13,UP,UP,S_UPH_V1,40,Veg
298,2021-08-20 19:13:38,26.90,UP,UP,S_UPH_V1,40,Veg
299,2021-08-20 20:13:38,23.08,UP,UP,S_UPH_V1,40,Veg
300,2021-08-20 21:13:38,21.28,UP,UP,S_UPH_V1,40,Veg
301,2021-08-20 22:13:38,21.10,UP,UP,S_UPH_V1,40,Veg
302,2021-08-20 23:13:38,21.02,UP,UP,S_UPH_V1,40,Veg
303,2021-08-21 0:13:38,20.85,UP,UP,S_UPH_V1,40,Veg
304,2021-08-21 1:13:38,20.33,UP,UP,S_UPH_V1,40,Veg
305,2021-08-21 2:13:38,20.37,UP,UP,S_UPH_V1,40,Veg
306,2021-08-21 3:13:38,20.29,UP,UP,S_UPH_V1,40,Veg
307,2021-08-21 4:13:38,19.86,UP,UP,S_UPH_V1,40,Veg
308,2021-08-21 5:13:38,19.90,UP,UP,S_UPH_V1,40,Veg
309,2021-08-21 6:13:38,19.99,UP,UP,S_UPH_V1,40,Veg
310,2021-08-21 7:13:38,20.68,UP,UP,S_UPH_V1,40,Veg
311,2021-08-21 8:13:38,23.42,UP,UP,S_UPH_V1,40,Veg
312,2021-08-21 9:13:38,28.18,UP,UP,S_UPH_V1,40,Veg
313,2021-08-21 10:13:38,31.01,UP,UP,S_UPH_V1,40,Veg
314,2021-08-21 11:13:38,31.44,UP,UP,S_UPH_V1,40,Veg
315,2021-08-21 12:13:38,31.83,UP,UP,S_UPH_V1,40,Veg
316,2021-08-21 13:13:38,33.07,UP,UP,S_UPH_V1,40,Veg
317,2021-08-21 14:13:38,35.00,UP,UP,S_UPH_V1,40,Veg
318,2021-08-21 15:13:38,37.88,UP,UP,S_UPH_V1,40,Veg
319,2021-08-21 16:13:38,35.48,UP,UP,S_UPH_V1,40,Veg
320,2021-08-21 17:13:38,31.14,UP,UP,S_UPH_V1,40,Veg
321,2021-08-21 18:13:38,26.90,UP,UP,S_UPH_V1,40,Veg
322,2021-08-21 19:13:38,25.52,UP,UP,S_UPH_V1,40,Veg
323,2021-08-21 20:13:38,23.12,UP,UP,S_UPH_V1,40,Veg
324,2021-08-21 21:13:38,22.39,UP,UP,S_UPH_V1,40,Veg
325,2021-08-21 22:13:38,22.61,UP,UP,S_UPH_V1,40,Veg
326,2021-08-21 23:13:38,21.32,UP,UP,S_UPH_V1,40,Veg
327,2021-08-22 0:13:38,21.36,UP,UP,S_UPH_V1,40,Veg
328,2021-08-22 1:13:38,21.02,UP,UP,S_UPH_V1,40,Veg
329,2021-08-22 2:13:38,20.46,UP,UP,S_UPH_V1,40,Veg
330,2021-08-22 3:13:38,20.07,UP,UP,S_UPH_V1,40,Veg
331,2021-08-22 4:13:38,20.07,UP,UP,S_UPH_V1,40,Veg
332,2021-08-22 5:13:38,19.47,UP,UP,S_UPH_V1,40,Veg
333,2021-08-22 6:13:38,19.43,UP,UP,S_UPH_V1,40,Veg
334,2021-08-22 7:13:38,21.15,UP,UP,S_UPH_V1,40,Veg
335,2021-08-22 8:13:38,23.34,UP,UP,S_UPH_V1,40,Veg
336,2021-08-22 9:13:38,25.65,UP,UP,S_UPH_V1,40,Veg
337,2021-08-22 10:13:38,28.91,UP,UP,S_UPH_V1,40,Veg
338,2021-08-22 11:13:38,32.34,UP,UP,S_UPH_V1,40,Veg
339,2021-08-22 12:13:38,31.74,UP,UP,S_UPH_V1,40,Veg
340,2021-08-22 13:13:38,30.89,UP,UP,S_UPH_V1,40,Veg
341,2021-08-22 14:13:38,31.70,UP,UP,S_UPH_V1,40,Veg
342,2021-08-22 15:13:38,33.85,UP,UP,S_UPH_V1,40,Veg
343,2021-08-22 16:13:38,36.81,UP,UP,S_UPH_V1,40,Veg
344,2021-08-22 17:13:38,36.85,UP,UP,S_UPH_V1,40,Veg
345,2021-08-22 18:13:38,27.50,UP,UP,S_UPH_V1,40,Veg
346,2021-08-22 19:13:38,25.87,UP,UP,S_UPH_V1,40,Veg
347,2021-08-22 20:13:38,24.32,UP,UP,S_UPH_V1,40,Veg
348,2021-08-22 21:13:38,23.72,UP,UP,S_UPH_V1,40,Veg
349,2021-08-22 22:13:38,22.39,UP,UP,S_UPH_V1,40,Veg
350,2021-08-22 23:13:38,21.32,UP,UP,S_UPH_V1,40,Veg
351,2021-08-23 0:13:38,20.63,UP,UP,S_UPH_V1,40,Veg
352,2021-08-23 1:13:38,21.88,UP,UP,S_UPH_V1,40,Veg
353,2021-08-23 2:13:38,21.23,UP,UP,S_UPH_V1,40,Veg
354,2021-08-23 3:13:38,21.40,UP,UP,S_UPH_V1,40,Veg
355,2021-08-23 4:13:38,20.07,UP,UP,S_UPH_V1,40,Veg
356,2021-08-23 5:13:38,20.07,UP,UP,S_UPH_V1,40,Veg
357,2021-08-23 6:13:38,19.86,UP,UP,S_UPH_V1,40,Veg
358,2021-08-23 7:13:38,21.70,UP,UP,S_UPH_V1,40,Veg
359,2021-08-23 8:13:38,25.14,UP,UP,S_UPH_V1,40,Veg
360,2021-08-23 9:13:38,26.77,UP,UP,S_UPH_V1,40,Veg
361,2021-08-23 10:13:38,29.34,UP,UP,S_UPH_V1,40,Veg
362,2021-08-23 11:13:38,28.87,UP,UP,S_UPH_V1,40,Veg
363,2021-08-23 12:13:38,29.90,UP,UP,S_UPH_V1,40,Veg
364,2021-08-23 13:13:38,28.05,UP,UP,S_UPH_V1,40,Veg
365,2021-08-23 14:13:38,27.97,UP,UP,S_UPH_V1,40,Veg
366,2021-08-23 15:13:38,33.50,UP,UP,S_UPH_V1,40,Veg
367,2021-08-23 16:13:38,32.34,UP,UP,S_UPH_V1,40,Veg
368,2021-08-23 17:13:38,29.64,UP,UP,S_UPH_V1,40,Veg
369,2021-08-23 18:13:38,27.93,UP,UP,S_UPH_V1,40,Veg
370,2021-08-23 19:13:38,29.64,UP,UP,S_UPH_V1,40,Veg
371,2021-08-23 20:13:38,23.81,UP,UP,S_UPH_V1,40,Veg
372,2021-08-23 21:13:38,21.88,UP,UP,S_UPH_V1,40,Veg
373,2021-08-23 22:13:38,20.12,UP,UP,S_UPH_V1,40,Veg
374,2021-08-23 23:13:38,20.20,UP,UP,S_UPH_V1,40,Veg
375,2021-08-24 0:13:38,20.72,UP,UP,S_UPH_V1,40,Veg
376,2021-08-24 1:13:38,19.39,UP,UP,S_UPH_V1,40,Veg
377,2021-08-24 2:13:38,19.35,UP,UP,S_UPH_V1,40,Veg
378,2021-08-24 3:13:38,18.79,UP,UP,S_UPH_V1,40,Veg
379,2021-08-24 4:13:38,18.70,UP,UP,S_UPH_V1,40,Veg
380,2021-08-24 5:13:38,19.30,UP,UP,S_UPH_V1,40,Veg
381,2021-08-24 6:13:38,19.00,UP,UP,S_UPH_V1,40,Veg
382,2021-08-24 7:13:38,19.52,UP,UP,S_UPH_V1,40,Veg
383,2021-08-24 8:13:38,23.59,UP,UP,S_UPH_V1,40,Veg
384,2021-08-24 9:13:38,26.30,UP,UP,S_UPH_V1,40,Veg
385,2021-08-24 10:13:38,27.20,UP,UP,S_UPH_V1,40,Veg
386,2021-08-24 11:13:38,28.87,UP,UP,S_UPH_V1,40,Veg
387,2021-08-24 12:13:38,31.31,UP,UP,S_UPH_V1,40,Veg
388,2021-08-24 13:13:38,32.64,UP,UP,S_UPH_V1,40,Veg
389,2021-08-24 14:13:38,35.43,UP,UP,S_UPH_V1,40,Veg
390,2021-08-24 15:13:38,37.96,UP,UP,S_UPH_V1,40,Veg
391,2021-08-24 16:13:38,38.22,UP,UP,S_UPH_V1,40,Veg
392,2021-08-24 17:13:38,38.56,UP,UP,S_UPH_V1,40,Veg
393,2021-08-24 18:13:38,35.22,UP,UP,S_UPH_V1,40,Veg
394,2021-08-24 19:13:38,28.14,UP,UP,S_UPH_V1,40,Veg
395,2021-08-24 20:13:38,21.66,UP,UP,S_UPH_V1,40,Veg
396,2021-08-24 21:13:38,20.37,UP,UP,S_UPH_V1,40,Veg
397,2021-08-24 22:13:38,19.82,UP,UP,S_UPH_V1,40,Veg
398,2021-08-24 23:13:38,19.82,UP,UP,S_UPH_V1,40,Veg
399,2021-08-25 0:13:38,18.96,UP,UP,S_UPH_V1,40,Veg
400,2021-08-25 1:13:38,18.49,UP,UP,S_UPH_V1,40,Veg
401,2021-08-25 2:13:38,17.72,UP,UP,S_UPH_V1,40,Veg
402,2021-08-25 3:13:38,17.63,UP,UP,S_UPH_V1,40,Veg
403,2021-08-25 4:13:38,17.41,UP,UP,S_UPH_V1,40,Veg
404,2021-08-25 5:13:38,17.07,UP,UP,S_UPH_V1,40,Veg
405,2021-08-25 6:13:38,17.16,UP,UP,S_UPH_V1,40,Veg
406,2021-08-25 7:13:38,18.57,UP,UP,S_UPH_V1,40,Veg
407,2021-08-25 8:13:38,22.86,UP,UP,S_UPH_V1,40,Veg
408,2021-08-25 9:13:38,28.18,UP,UP,S_UPH_V1,40,Veg
409,2021-08-25 10:13:38,31.83,UP,UP,S_UPH_V1,40,Veg
410,2021-08-25 11:13:38,31.74,UP,UP,S_UPH_V1,40,Veg
411,2021-08-25 12:13:38,32.47,UP,UP,S_UPH_V1,40,Veg
412,2021-08-25 13:13:38,33.72,UP,UP,S_UPH_V1,40,Veg
413,2021-08-25 14:13:38,37.06,UP,UP,S_UPH_V1,40,Veg
414,2021-08-25 15:13:38,39.51,UP,UP,S_UPH_V1,40,Veg
415,2021-08-25 16:13:38,39.68,UP,UP,S_UPH_V1,40,Veg
416,2021-08-25 17:13:38,38.95,UP,UP,S_UPH_V1,40,Veg
417,2021-08-25 18:13:38,34.36,UP,UP,S_UPH_V1,40,Veg
418,2021-08-25 19:13:38,26.04,UP,UP,S_UPH_V1,40,Veg
419,2021-08-25 20:13:38,22.39,UP,UP,S_UPH_V1,40,Veg
420,2021-08-25 21:13:38,21.45,UP,UP,S_UPH_V1,40,Veg
421,2021-08-25 22:13:38,20.63,UP,UP,S_UPH_V1,40,Veg
422,2021-08-25 23:13:38,20.72,UP,UP,S_UPH_V1,40,Veg
423,2021-08-26 0:13:38,21.75,UP,UP,S_UPH_V1,40,Veg
424,2021-08-26 1:13:38,21.45,UP,UP,S_UPH_V1,40,Veg
425,2021-08-26 2:13:38,21.96,UP,UP,S_UPH_V1,40,Veg
426,2021-08-26 3:13:38,21.53,UP,UP,S_UPH_V1,40,Veg
427,2021-08-26 4:13:38,21.92,UP,UP,S_UPH_V1,40,Veg
428,2021-08-26 5:13:38,21.92,UP,UP,S_UPH_V1,40,Veg
429,2021-08-26 6:13:38,21.40,UP,UP,S_UPH_V1,40,Veg
430,2021-08-26 7:13:38,22.78,UP,UP,S_UPH_V1,40,Veg
431,2021-08-26 8:13:38,26.64,UP,UP,S_UPH_V1,40,Veg
432,2021-08-26 9:13:38,29.47,UP,UP,S_UPH_V1,40,Veg
433,2021-08-26 10:13:38,31.79,UP,UP,S_UPH_V1,40,Veg
434,2021-08-26 11:13:38,32.73,UP,UP,S_UPH_V1,40,Veg
435,2021-08-26 12:13:38,33.03,UP,UP,S_UPH_V1,40,Veg
436,2021-08-26 13:13:38,35.39,UP,UP,S_UPH_V1,40,Veg
437,2021-08-26 14:13:38,37.92,UP,UP,S_UPH_V1,40,Veg
438,2021-08-26 15:13:38,40.02,UP,UP,S_UPH_V1,40,Veg
439,2021-08-26 16:13:38,38.86,UP,UP,S_UPH_V1,40,Veg
440,2021-08-26 17:13:38,37.36,UP,UP,S_UPH_V1,40,Veg
441,2021-08-26 18:13:38,34.53,UP,UP,S_UPH_V1,40,Veg
442,2021-08-26 19:13:38,29.98,UP,UP,S_UPH_V1,40,Veg
443,2021-08-26 20:13:38,25.01,UP,UP,S_UPH_V1,40,Veg
444,2021-08-26 21:13:38,23.03,UP,UP,S_UPH_V1,40,Veg
445,2021-08-26 22:13:38,22.09,UP,UP,S_UPH_V1,40,Veg
446,2021-08-26 23:13:38,21.10,UP,UP,S_UPH_V1,40,Veg
447,2021-08-27 0:13:38,20.98,UP,UP,S_UPH_V1,40,Veg
448,2021-08-27 1:13:38,20.55,UP,UP,S_UPH_V1,40,Veg
449,2021-08-27 2:13:38,20.25,UP,UP,S_UPH_V1,40,Veg
450,2021-08-27 3:13:38,19.73,UP,UP,S_UPH_V1,40,Veg
451,2021-08-27 4:13:38,20.12,UP,UP,S_UPH_V1,40,Veg
452,2021-08-27 5:13:38,19.69,UP,UP,S_UPH_V1,40,Veg
453,2021-08-27 6:13:38,19.60,UP,UP,S_UPH_V1,40,Veg
454,2021-08-27 7:13:38,19.69,UP,UP,S_UPH_V1,40,Veg
455,2021-08-27 8:13:38,19.90,UP,UP,S_UPH_V1,40,Veg
456,2021-08-27 9:13:38,23.55,UP,UP,S_UPH_V1,40,Veg
457,2021-08-27 10:13:38,25.87,UP,UP,S_UPH_V1,40,Veg
458,2021-08-27 11:13:38,26.17,UP,UP,S_UPH_V1,40,Veg
459,2021-08-27 12:13:38,25.91,UP,UP,S_UPH_V1,40,Veg
460,2021-08-27 13:13:38,26.30,UP,UP,S_UPH_V1,40,Veg
461,2021-08-27 14:13:38,27.41,UP,UP,S_UPH_V1,40,Veg
462,2021-08-27 15:13:38,29.08,UP,UP,S_UPH_V1,40,Veg
463,2021-08-27 16:13:38,29.34,UP,UP,S_UPH_V1,40,Veg
464,2021-08-27 17:13:38,28.10,UP,UP,S_UPH_V1,40,Veg
465,2021-08-27 18:13:38,25.48,UP,UP,S_UPH_V1,40,Veg
466,2021-08-27 19:13:38,20.46,UP,UP,S_UPH_V1,40,Veg
467,2021-08-27 20:13:38,17.59,UP,UP,S_UPH_V1,40,Veg
468,2021-08-27 21:13:38,16.30,UP,UP,S_UPH_V1,40,Veg
469,2021-08-27 22:13:38,15.23,UP,UP,S_UPH_V1,40,Veg
470,2021-08-27 23:13:38,15.48,UP,UP,S_UPH_V1,40,Veg
471,2021-08-28 0:13:38,14.97,UP,UP,S_UPH_V1,40,Veg
472,2021-08-28 1:13:38,15.27,UP,UP,S_UPH_V1,40,Veg
473,2021-08-28 2:13:38,15.27,UP,UP,S_UPH_V1,40,Veg
474,2021-08-28 3:13:38,15.14,UP,UP,S_UPH_V1,40,Veg
475,2021-08-28 4:13:38,14.97,UP,UP,S_UPH_V1,40,Veg
476,2021-08-28 5:13:38,14.03,UP,UP,S_UPH_V1,40,Veg
477,2021-08-28 6:13:38,14.37,UP,UP,S_UPH_V1,40,Veg
478,2021-08-28 7:13:38,14.84,UP,UP,S_UPH_V1,40,Veg
479,2021-08-28 8:13:38,17.67,UP,UP,S_UPH_V1,40,Veg
480,2021-08-28 9:13:38,22.18,UP,UP,S_UPH_V1,40,Veg
481,2021-08-28 10:13:38,22.69,UP,UP,S_UPH_V1,40,Veg
482,2021-08-28 11:13:38,22.43,UP,UP,S_UPH_V1,40,Veg
483,2021-08-28 12:13:38,21.79,UP,UP,S_UPH_V1,40,Veg
484,2021-08-28 13:13:38,22.18,UP,UP,S_UPH_V1,40,Veg
485,2021-08-28 14:13:38,24.06,UP,UP,S_UPH_V1,40,Veg
486,2021-08-28 15:13:38,23.51,UP,UP,S_UPH_V1,40,Veg
487,2021-08-28 16:13:38,24.32,UP,UP,S_UPH_V1,40,Veg
488,2021-08-28 17:13:38,22.09,UP,UP,S_UPH_V1,40,Veg
489,2021-08-28 18:13:38,19.90,UP,UP,S_UPH_V1,40,Veg
490,2021-08-28 19:13:38,18.87,UP,UP,S_UPH_V1,40,Veg
491,2021-08-28 20:13:38,18.19,UP,UP,S_UPH_V1,40,Veg
492,2021-08-28 21:13:38,18.10,UP,UP,S_UPH_V1,40,Veg
493,2021-08-28 22:13:38,18.23,UP,UP,S_UPH_V1,40,Veg
494,2021-08-28 23:13:38,18.27,UP,UP,S_UPH_V1,40,Veg
495,2021-08-29 0:13:38,18.36,UP,UP,S_UPH_V1,40,Veg
496,2021-08-29 1:13:38,18.32,UP,UP,S_UPH_V1,40,Veg
497,2021-08-29 2:13:38,18.49,UP,UP,S_UPH_V1,40,Veg
498,2021-08-29 3:13:38,18.62,UP,UP,S_UPH_V1,40,Veg
499,2021-08-29 4:13:38,18.66,UP,UP,S_UPH_V1,40,Veg
500,2021-08-29 5:13:38,18.62,UP,UP,S_UPH_V1,40,Veg
501,2021-08-29 6:13:38,18.49,UP,UP,S_UPH_V1,40,Veg
502,2021-08-29 7:13:38,18.49,UP,UP,S_UPH_V1,40,Veg
503,2021-08-29 8:13:38,18.23,UP,UP,S_UPH_V1,40,Veg
504,2021-08-29 9:13:38,18.96,UP,UP,S_UPH_V1,40,Veg
505,2021-08-29 10:13:38,21.49,UP,UP,S_UPH_V1,40,Veg
506,2021-08-29 11:13:38,22.65,UP,UP,S_UPH_V1,40,Veg
507,2021-08-29 12:13:38,26.68,UP,UP,S_UPH_V1,40,Veg
508,2021-08-29 13:13:38,28.23,UP,UP,S_UPH_V1,40,Veg
509,2021-08-29 14:13:38,31.87,UP,UP,S_UPH_V1,40,Veg
510,2021-08-29 15:13:38,27.97,UP,UP,S_UPH_V1,40,Veg
511,2021-08-29 16:13:38,21.15,UP,UP,S_UPH_V1,40,Veg
512,2021-08-29 17:13:38,27.32,UP,UP,S_UPH_V1,40,Veg
513,2021-08-29 18:13:38,27.24,UP,UP,S_UPH_V1,40,Veg
514,2021-08-29 19:13:38,21.19,UP,UP,S_UPH_V1,40,Veg
515,2021-08-29 20:13:38,19.99,UP,UP,S_UPH_V1,40,Veg
516,2021-08-29 21:13:38,20.16,UP,UP,S_UPH_V1,40,Veg
517,2021-08-29 22:13:38,20.76,UP,UP,S_UPH_V1,40,Veg
518,2021-08-29 23:13:38,20.98,UP,UP,S_UPH_V1,40,Veg
519,2021-08-30 0:13:38,21.06,UP,UP,S_UPH_V1,40,Veg
520,2021-08-30 1:13:38,20.59,UP,UP,S_UPH_V1,40,Veg
521,2021-08-30 2:13:38,20.29,UP,UP,S_UPH_V1,40,Veg
522,2021-08-30 3:13:38,20.42,UP,UP,S_UPH_V1,40,Veg
523,2021-08-30 4:13:38,20.76,UP,UP,S_UPH_V1,40,Veg
524,2021-08-30 5:13:38,20.46,UP,UP,S_UPH_V1,40,Veg
525,2021-08-30 6:13:38,20.37,UP,UP,S_UPH_V1,40,Veg
526,2021-08-30 7:13:38,20.98,UP,UP,S_UPH_V1,40,Veg
527,2021-08-30 8:13:38,21.28,UP,UP,S_UPH_V1,40,Veg
528,2021-08-30 9:13:38,22.09,UP,UP,S_UPH_V1,40,Veg
529,2021-08-30 10:13:38,27.67,UP,UP,S_UPH_V1,40,Veg
530,2021-08-30 11:13:38,27.02,UP,UP,S_UPH_V1,40,Veg
531,2021-08-30 12:13:38,25.22,UP,UP,S_UPH_V1,40,Veg
532,2021-08-30 13:13:38,26.77,UP,UP,S_UPH_V1,40,Veg
533,2021-08-30 14:13:38,31.19,UP,UP,S_UPH_V1,40,Veg
534,2021-08-30 15:13:38,33.07,UP,UP,S_UPH_V1,40,Veg
535,2021-08-30 16:13:38,34.06,UP,UP,S_UPH_V1,40,Veg
536,2021-08-30 17:13:38,29.47,UP,UP,S_UPH_V1,40,Veg
537,2021-08-30 18:13:38,26.55,UP,UP,S_UPH_V1,40,Veg
538,2021-08-30 19:13:38,26.98,UP,UP,S_UPH_V1,40,Veg
539,2021-08-30 20:13:38,20.85,UP,UP,S_UPH_V1,40,Veg
540,2021-08-30 21:13:38,19.00,UP,UP,S_UPH_V1,40,Veg
541,2021-08-30 22:13:38,18.83,UP,UP,S_UPH_V1,40,Veg
542,2021-08-30 23:13:38,17.46,UP,UP,S_UPH_V1,40,Veg
543,2021-08-31 0:13:38,18.06,UP,UP,S_UPH_V1,40,Veg
544,2021-08-31 1:13:38,16.60,UP,UP,S_UPH_V1,40,Veg
545,2021-08-31 2:13:38,16.00,UP,UP,S_UPH_V1,40,Veg
546,2021-08-31 3:13:38,16.13,UP,UP,S_UPH_V1,40,Veg
547,2021-08-31 4:13:38,15.10,UP,UP,S_UPH_V1,40,Veg
548,2021-08-31 5:13:38,14.24,UP,UP,S_UPH_V1,40,Veg
549,2021-08-31 6:13:38,13.85,UP,UP,S_UPH_V1,40,Veg
550,2021-08-31 7:13:38,15.66,UP,UP,S_UPH_V1,40,Veg
551,2021-08-31 8:13:38,20.20,UP,UP,S_UPH_V1,40,Veg
552,2021-08-31 9:13:38,24.62,UP,UP,S_UPH_V1,40,Veg
553,2021-08-31 10:13:38,28.31,UP,UP,S_UPH_V1,40,Veg
554,2021-08-31 11:13:38,26.72,UP,UP,S_UPH_V1,40,Veg
555,2021-08-31 12:13:38,27.63,UP,UP,S_UPH_V1,40,Veg
556,2021-08-31 13:13:38,29.64,UP,UP,S_UPH_V1,40,Veg
557,2021-08-31 14:13:38,32.17,UP,UP,S_UPH_V1,40,Veg
558,2021-08-31 15:13:38,27.84,UP,UP,S_UPH_V1,40,Veg
559,2021-08-31 16:13:38,32.34,UP,UP,S_UPH_V1,40,Veg
560,2021-08-31 17:13:38,26.81,UP,UP,S_UPH_V1,40,Veg
561,2021-08-31 18:13:38,28.18,UP,UP,S_UPH_V1,40,Veg
562,2021-08-31 19:13:38,22.86,UP,UP,S_UPH_V1,40,Veg
563,2021-08-31 20:13:38,19.47,UP,UP,S_UPH_V1,40,Veg
564,2021-08-31 21:13:38,17.63,UP,UP,S_UPH_V1,40,Veg
565,2021-08-31 22:13:38,16.81,UP,UP,S_UPH_V1,40,Veg
566,2021-08-31 23:13:38,17.63,UP,UP,S_UPH_V1,40,Veg
567,2021-09-01 0:13:38,16.86,UP,UP,S_UPH_V1,40,Veg
568,2021-09-01 1:13:38,15.48,UP,UP,S_UPH_V1,40,Veg
569,2021-09-01 2:13:38,15.06,UP,UP,S_UPH_V1,40,Veg
570,2021-09-01 3:13:38,14.24,UP,UP,S_UPH_V1,40,Veg
571,2021-09-01 4:13:38,13.17,UP,UP,S_UPH_V1,40,Veg
572,2021-09-01 5:13:38,12.48,UP,UP,S_UPH_V1,40,Veg
573,2021-09-01 6:13:38,12.22,UP,UP,S_UPH_V1,40,Veg
574,2021-09-01 7:13:38,14.15,UP,UP,S_UPH_V1,40,Veg
575,2021-09-01 8:13:38,17.46,UP,UP,S_UPH_V1,40,Veg
576,2021-09-01 9:13:38,19.04,UP,UP,S_UPH_V1,40,Veg
577,2021-09-01 10:13:38,20.37,UP,UP,S_UPH_V1,40,Veg
578,2021-09-01 11:13:38,22.05,UP,UP,S_UPH_V1,40,Veg
579,2021-09-01 12:13:38,23.64,UP,UP,S_UPH_V1,40,Veg
580,2021-09-01 13:13:38,24.32,UP,UP,S_UPH_V1,40,Veg
581,2021-09-01 14:13:38,24.84,UP,UP,S_UPH_V1,40,Veg
582,2021-09-01 15:13:38,24.71,UP,UP,S_UPH_V1,40,Veg
583,2021-09-01 16:13:38,23.72,UP,UP,S_UPH_V1,40,Veg
584,2021-09-01 17:13:38,21.75,UP,UP,S_UPH_V1,40,Veg
585,2021-09-01 18:13:38,19.82,UP,UP,S_UPH_V1,40,Veg
586,2021-09-01 19:13:38,16.60,UP,UP,S_UPH_V1,40,Veg
587,2021-09-01 20:13:38,14.88,UP,UP,S_UPH_V1,40,Veg
588,2021-09-01 21:13:38,14.50,UP,UP,S_UPH_V1,40,Veg
589,2021-09-01 22:13:38,14.37,UP,UP,S_UPH_V1,40,Veg
590,2021-09-01 23:13:38,14.20,UP,UP,S_UPH_V1,40,Veg
591,2021-09-02 0:13:38,13.68,UP,UP,S_UPH_V1,40,Veg
592,2021-09-02 1:13:38,13.60,UP,UP,S_UPH_V1,40,Veg
593,2021-09-02 2:13:38,13.30,UP,UP,S_UPH_V1,40,Veg
594,2021-09-02 3:13:38,13.55,UP,UP,S_UPH_V1,40,Veg
595,2021-09-02 4:13:38,13.21,UP,UP,S_UPH_V1,40,Veg
596,2021-09-02 5:13:38,11.92,UP,UP,S_UPH_V1,40,Veg
597,2021-09-02 6:13:38,11.75,UP,UP,S_UPH_V1,40,Veg
598,2021-09-02 7:13:38,12.35,UP,UP,S_UPH_V1,40,Veg
599,2021-09-02 8:13:38,14.97,UP,UP,S_UPH_V1,40,Veg
600,2021-09-02 9:13:38,15.44,UP,UP,S_UPH_V1,40,Veg
601,2021-09-02 10:13:38,15.70,UP,UP,S_UPH_V1,40,Veg
602,2021-09-02 11:13:38,19.26,UP,UP,S_UPH_V1,40,Veg
603,2021-09-02 12:13:38,19.56,UP,UP,S_UPH_V1,40,Veg
604,2021-09-02 13:13:38,20.29,UP,UP,S_UPH_V1,40,Veg
605,2021-09-02 14:13:38,23.94,UP,UP,S_UPH_V1,40,Veg
606,2021-09-02 15:13:38,23.29,UP,UP,S_UPH_V1,40,Veg
607,2021-09-02 16:13:38,23.51,UP,UP,S_UPH_V1,40,Veg
608,2021-09-02 17:13:38,19.69,UP,UP,S_UPH_V1,40,Veg
609,2021-09-02 18:13:38,17.54,UP,UP,S_UPH_V1,40,Veg
610,2021-09-02 19:13:38,15.87,UP,UP,S_UPH_V1,40,Veg
611,2021-09-02 20:13:38,15.57,UP,UP,S_UPH_V1,40,Veg
612,2021-09-02 21:13:38,15.48,UP,UP,S_UPH_V1,40,Veg
613,2021-09-02 22:13:38,15.14,UP,UP,S_UPH_V1,40,Veg
614,2021-09-02 23:13:38,15.01,UP,UP,S_UPH_V1,40,Veg
615,2021-09-03 0:13:38,14.88,UP,UP,S_UPH_V1,40,Veg
616,2021-09-03 1:13:38,14.54,UP,UP,S_UPH_V1,40,Veg
617,2021-09-03 2:13:38,14.84,UP,UP,S_UPH_V1,40,Veg
618,2021-09-03 3:13:38,14.50,UP,UP,S_UPH_V1,40,Veg
619,2021-09-03 4:13:38,14.84,UP,UP,S_UPH_V1,40,Veg
620,2021-09-03 5:13:38,14.54,UP,UP,S_UPH_V1,40,Veg
621,2021-09-03 6:13:38,13.64,UP,UP,S_UPH_V1,40,Veg
622,2021-09-03 7:13:38,14.15,UP,UP,S_UPH_V1,40,Veg
623,2021-09-03 8:13:38,15.31,UP,UP,S_UPH_V1,40,Veg
624,2021-09-03 9:13:38,16.86,UP,UP,S_UPH_V1,40,Veg
625,2021-09-03 10:13:38,18.83,UP,UP,S_UPH_V1,40,Veg
626,2021-09-03 11:13:38,18.40,UP,UP,S_UPH_V1,40,Veg
627,2021-09-03 12:13:38,22.56,UP,UP,S_UPH_V1,40,Veg
628,2021-09-03 13:13:38,23.42,UP,UP,S_UPH_V1,40,Veg
629,2021-09-03 14:13:38,24.11,UP,UP,S_UPH_V1,40,Veg
630,2021-09-03 15:13:38,25.78,UP,UP,S_UPH_V1,40,Veg
631,2021-09-03 16:13:38,24.02,UP,UP,S_UPH_V1,40,Veg
632,2021-09-03 17:13:38,21.32,UP,UP,S_UPH_V1,40,Veg
633,2021-09-03 18:13:38,25.22,UP,UP,S_UPH_V1,40,Veg
634,2021-09-03 19:13:38,18.87,UP,UP,S_UPH_V1,40,Veg
635,2021-09-03 20:13:38,16.64,UP,UP,S_UPH_V1,40,Veg
636,2021-09-03 21:13:38,17.46,UP,UP,S_UPH_V1,40,Veg
637,2021-09-03 22:13:38,17.80,UP,UP,S_UPH_V1,40,Veg
638,2021-09-03 23:13:38,17.50,UP,UP,S_UPH_V1,40,Veg
639,2021-09-04 0:13:38,17.20,UP,UP,S_UPH_V1,40,Veg
640,2021-09-04 1:13:38,16.30,UP,UP,S_UPH_V1,40,Veg
641,2021-09-04 2:13:38,17.07,UP,UP,S_UPH_V1,40,Veg
642,2021-09-04 3:13:38,17.29,UP,UP,S_UPH_V1,40,Veg
643,2021-09-04 4:13:38,16.00,UP,UP,S_UPH_V1,40,Veg
644,2021-09-04 5:13:38,16.34,UP,UP,S_UPH_V1,40,Veg
645,2021-09-04 6:13:38,15.87,UP,UP,S_UPH_V1,40,Veg
646,2021-09-04 7:13:38,16.04,UP,UP,S_UPH_V1,40,Veg
647,2021-09-04 8:13:38,18.53,UP,UP,S_UPH_V1,40,Veg
648,2021-09-04 9:13:38,22.05,UP,UP,S_UPH_V1,40,Veg
649,2021-09-04 10:13:38,24.71,UP,UP,S_UPH_V1,40,Veg
650,2021-09-04 11:13:38,24.49,UP,UP,S_UPH_V1,40,Veg
651,2021-09-04 12:13:38,25.14,UP,UP,S_UPH_V1,40,Veg
652,2021-09-04 13:13:38,26.25,UP,UP,S_UPH_V1,40,Veg
653,2021-09-04 14:13:38,29.17,UP,UP,S_UPH_V1,40,Veg
654,2021-09-04 15:13:38,31.79,UP,UP,S_UPH_V1,40,Veg
655,2021-09-04 16:13:38,31.87,UP,UP,S_UPH_V1,40,Veg
656,2021-09-04 17:13:38,31.74,UP,UP,S_UPH_V1,40,Veg
657,2021-09-04 18:13:38,30.71,UP,UP,S_UPH_V1,40,Veg
658,2021-09-04 19:13:38,20.98,UP,UP,S_UPH_V1,40,Veg
659,2021-09-04 20:13:38,15.01,UP,UP,S_UPH_V1,40,Veg
660,2021-09-04 21:13:38,13.55,UP,UP,S_UPH_V1,40,Veg
661,2021-09-04 22:13:38,12.74,UP,UP,S_UPH_V1,40,Veg
662,2021-09-04 23:13:38,11.92,UP,UP,S_UPH_V1,40,Veg
663,2021-09-05 0:13:38,11.62,UP,UP,S_UPH_V1,40,Veg
664,2021-09-05 1:13:38,12.48,UP,UP,S_UPH_V1,40,Veg
665,2021-09-05 2:13:38,13.08,UP,UP,S_UPH_V1,40,Veg
666,2021-09-05 3:13:38,13.00,UP,UP,S_UPH_V1,40,Veg
667,2021-09-05 4:13:38,13.81,UP,UP,S_UPH_V1,40,Veg
668,2021-09-05 5:13:38,13.77,UP,UP,S_UPH_V1,40,Veg
669,2021-09-05 6:13:38,14.67,UP,UP,S_UPH_V1,40,Veg
670,2021-09-05 7:13:38,15.01,UP,UP,S_UPH_V1,40,Veg
671,2021-09-05 8:13:38,16.73,UP,UP,S_UPH_V1,40,Veg
672,2021-09-05 9:13:38,18.62,UP,UP,S_UPH_V1,40,Veg
673,2021-09-05 10:13:38,20.59,UP,UP,S_UPH_V1,40,Veg
674,2021-09-05 11:13:38,20.50,UP,UP,S_UPH_V1,40,Veg
675,2021-09-05 12:13:38,21.79,UP,UP,S_UPH_V1,40,Veg
676,2021-09-05 13:13:38,23.64,UP,UP,S_UPH_V1,40,Veg
677,2021-09-05 14:13:38,22.86,UP,UP,S_UPH_V1,40,Veg
678,2021-09-05 15:13:38,22.18,UP,UP,S_UPH_V1,40,Veg
679,2021-09-05 16:13:38,22.69,UP,UP,S_UPH_V1,40,Veg
680,2021-09-05 17:13:38,22.39,UP,UP,S_UPH_V1,40,Veg
681,2021-09-05 18:13:38,23.68,UP,UP,S_UPH_V1,40,Veg
682,2021-09-05 19:13:38,19.30,UP,UP,S_UPH_V1,40,Veg
683,2021-09-05 20:13:38,17.84,UP,UP,S_UPH_V1,40,Veg
684,2021-09-05 21:13:38,16.90,UP,UP,S_UPH_V1,40,Veg
685,2021-09-05 22:13:38,16.51,UP,UP,S_UPH_V1,40,Veg
686,2021-09-05 23:13:38,16.04,UP,UP,S_UPH_V1,40,Veg
687,2021-09-06 0:13:38,15.06,UP,UP,S_UPH_V1,40,Veg
688,2021-09-06 1:13:38,15.18,UP,UP,S_UPH_V1,40,Veg
689,2021-09-06 2:13:38,15.18,UP,UP,S_UPH_V1,40,Veg
690,2021-09-06 3:13:38,14.63,UP,UP,S_UPH_V1,40,Veg
691,2021-09-06 4:13:38,14.84,UP,UP,S_UPH_V1,40,Veg
692,2021-09-06 5:13:38,14.58,UP,UP,S_UPH_V1,40,Veg
693,2021-09-06 6:13:38,14.03,UP,UP,S_UPH_V1,40,Veg
694,2021-09-06 7:13:38,14.63,UP,UP,S_UPH_V1,40,Veg
695,2021-09-06 8:13:38,18.62,UP,UP,S_UPH_V1,40,Veg
696,2021-09-06 9:13:38,19.90,UP,UP,S_UPH_V1,40,Veg
697,2021-09-06 10:13:38,20.50,UP,UP,S_UPH_V1,40,Veg
698,2021-09-06 11:13:38,21.66,UP,UP,S_UPH_V1,40,Veg
699,2021-09-06 12:13:38,21.02,UP,UP,S_UPH_V1,40,Veg
700,2021-09-06 13:13:38,17.72,UP,UP,S_UPH_V1,40,Veg
701,2021-09-06 14:13:38,21.75,UP,UP,S_UPH_V1,40,Veg
702,2021-09-06 15:13:38,21.88,UP,UP,S_UPH_V1,40,Veg
703,2021-09-06 16:13:38,21.49,UP,UP,S_UPH_V1,40,Veg
704,2021-09-06 17:13:38,14.37,UP,UP,S_UPH_V1,40,Veg
705,2021-09-06 18:13:38,21.49,UP,UP,S_UPH_V1,40,Veg
706,2021-09-06 19:13:38,15.87,UP,UP,S_UPH_V1,40,Veg
707,2021-09-06 20:13:38,13.25,UP,UP,S_UPH_V1,40,Veg
708,2021-09-06 21:13:38,14.50,UP,UP,S_UPH_V1,40,Veg
709,2021-09-06 22:13:38,13.94,UP,UP,S_UPH_V1,40,Veg
710,2021-09-06 23:13:38,14.20,UP,UP,S_UPH_V1,40,Veg
711,2021-09-07 0:13:38,13.08,UP,UP,S_UPH_V1,40,Veg
712,2021-09-07 1:13:38,11.92,UP,UP,S_UPH_V1,40,Veg
713,2021-09-07 2:13:38,12.44,UP,UP,S_UPH_V1,40,Veg
714,2021-09-07 3:13:38,12.70,UP,UP,S_UPH_V1,40,Veg
715,2021-09-07 4:13:38,12.10,UP,UP,S_UPH_V1,40,Veg
716,2021-09-07 5:13:38,11.88,UP,UP,S_UPH_V1,40,Veg
717,2021-09-07 6:13:38,10.98,UP,UP,S_UPH_V1,40,Veg
718,2021-09-07 7:13:38,12.35,UP,UP,S_UPH_V1,40,Veg
719,2021-09-07 8:13:38,16.56,UP,UP,S_UPH_V1,40,Veg
720,2021-09-07 9:13:38,21.32,UP,UP,S_UPH_V1,40,Veg
721,2021-09-07 10:13:38,22.48,UP,UP,S_UPH_V1,40,Veg
722,2021-09-07 11:13:38,22.31,UP,UP,S_UPH_V1,40,Veg
723,2021-09-07 12:13:38,23.29,UP,UP,S_UPH_V1,40,Veg
724,2021-09-07 13:13:38,26.08,UP,UP,S_UPH_V1,40,Veg
725,2021-09-07 14:13:38,27.37,UP,UP,S_UPH_V1,40,Veg
726,2021-09-07 15:13:38,26.64,UP,UP,S_UPH_V1,40,Veg
727,2021-09-07 16:13:38,31.66,UP,UP,S_UPH_V1,40,Veg
728,2021-09-07 17:13:38,34.06,UP,UP,S_UPH_V1,40,Veg
729,2021-09-07 18:13:38,30.63,UP,UP,S_UPH_V1,40,Veg
730,2021-09-07 19:13:38,20.03,UP,UP,S_UPH_V1,40,Veg
731,2021-09-07 20:13:38,15.10,UP,UP,S_UPH_V1,40,Veg
732,2021-09-07 21:13:38,14.37,UP,UP,S_UPH_V1,40,Veg
733,2021-09-07 22:13:38,13.47,UP,UP,S_UPH_V1,40,Veg
734,2021-09-07 23:13:38,13.34,UP,UP,S_UPH_V1,40,Veg
735,2021-09-08 0:13:38,12.91,UP,UP,S_UPH_V1,40,Veg
736,2021-09-08 1:13:38,13.08,UP,UP,S_UPH_V1,40,Veg
737,2021-09-08 2:13:38,12.87,UP,UP,S_UPH_V1,40,Veg
738,2021-09-08 3:13:38,14.54,UP,UP,S_UPH_V1,40,Veg
739,2021-09-08 4:13:38,16.08,UP,UP,S_UPH_V1,40,Veg
740,2021-09-08 5:13:38,17.03,UP,UP,S_UPH_V1,40,Veg
741,2021-09-08 6:13:38,17.03,UP,UP,S_UPH_V1,40,Veg
742,2021-09-08 7:13:38,17.11,UP,UP,S_UPH_V1,40,Veg
743,2021-09-08 8:13:38,21.02,UP,UP,S_UPH_V1,40,Veg
744,2021-09-08 9:13:38,24.54,UP,UP,S_UPH_V1,40,Veg
745,2021-09-08 10:13:38,24.41,UP,UP,S_UPH_V1,40,Veg
746,2021-09-08 11:13:38,28.48,UP,UP,S_UPH_V1,40,Veg
747,2021-09-08 12:13:38,26.98,UP,UP,S_UPH_V1,40,Veg
748,2021-09-08 13:13:38,30.03,UP,UP,S_UPH_V1,40,Veg
749,2021-09-08 14:13:38,34.19,UP,UP,S_UPH_V1,40,Veg
750,2021-09-08 15:13:38,33.07,UP,UP,S_UPH_V1,40,Veg
751,2021-09-08 16:13:38,23.25,UP,UP,S_UPH_V1,40,Veg
752,2021-09-08 17:13:38,20.50,UP,UP,S_UPH_V1,40,Veg
753,2021-09-08 18:13:38,16.47,UP,UP,S_UPH_V1,40,Veg
754,2021-09-08 19:13:38,17.20,UP,UP,S_UPH_V1,40,Veg
755,2021-09-08 20:13:38,17.37,UP,UP,S_UPH_V1,40,Veg
756,2021-09-08 21:13:38,17.29,UP,UP,S_UPH_V1,40,Veg
757,2021-09-08 22:13:38,16.94,UP,UP,S_UPH_V1,40,Veg
758,2021-09-08 23:13:38,16.60,UP,UP,S_UPH_V1,40,Veg
759,2021-09-09 0:13:38,15.18,UP,UP,S_UPH_V1,40,Veg
760,2021-09-09 1:13:38,16.51,UP,UP,S_UPH_V1,40,Veg
761,2021-09-09 2:13:38,16.43,UP,UP,S_UPH_V1,40,Veg
762,2021-09-09 3:13:38,16.69,UP,UP,S_UPH_V1,40,Veg
763,2021-09-09 4:13:38,17.33,UP,UP,S_UPH_V1,40,Veg
764,2021-09-09 5:13:38,17.29,UP,UP,S_UPH_V1,40,Veg
765,2021-09-09 6:13:38,16.30,UP,UP,S_UPH_V1,40,Veg
766,2021-09-09 7:13:38,16.34,UP,UP,S_UPH_V1,40,Veg
767,2021-09-09 8:13:38,19.00,UP,UP,S_UPH_V1,40,Veg
768,2021-09-09 9:13:38,20.98,UP,UP,S_UPH_V1,40,Veg
769,2021-09-09 10:13:38,19.95,UP,UP,S_UPH_V1,40,Veg
770,2021-09-09 11:13:38,22.09,UP,UP,S_UPH_V1,40,Veg
771,2021-09-09 12:13:38,23.03,UP,UP,S_UPH_V1,40,Veg
772,2021-09-09 13:13:38,23.85,UP,UP,S_UPH_V1,40,Veg
773,2021-09-09 14:13:38,23.59,UP,UP,S_UPH_V1,40,Veg
774,2021-09-09 15:13:38,23.59,UP,UP,S_UPH_V1,40,Veg
775,2021-09-09 16:13:38,22.13,UP,UP,S_UPH_V1,40,Veg
776,2021-09-09 17:13:38,20.89,UP,UP,S_UPH_V1,40,Veg
777,2021-09-09 18:13:38,19.56,UP,UP,S_UPH_V1,40,Veg
778,2021-09-09 19:13:38,18.02,UP,UP,S_UPH_V1,40,Veg
779,2021-09-09 20:13:38,16.51,UP,UP,S_UPH_V1,40,Veg
780,2021-09-09 21:13:38,16.00,UP,UP,S_UPH_V1,40,Veg
781,2021-09-09 22:13:38,16.04,UP,UP,S_UPH_V1,40,Veg
782,2021-09-09 23:13:38,16.26,UP,UP,S_UPH_V1,40,Veg
783,2021-09-10 0:13:38,16.30,UP,UP,S_UPH_V1,40,Veg
784,2021-09-10 1:13:38,16.26,UP,UP,S_UPH_V1,40,Veg
785,2021-09-10 2:13:38,16.34,UP,UP,S_UPH_V1,40,Veg
786,2021-09-10 3:13:38,15.96,UP,UP,S_UPH_V1,40,Veg
787,2021-09-10 4:13:38,15.83,UP,UP,S_UPH_V1,40,Veg
788,2021-09-10 5:13:38,15.96,UP,UP,S_UPH_V1,40,Veg
789,2021-09-10 6:13:38,15.78,UP,UP,S_UPH_V1,40,Veg
790,2021-09-10 7:13:38,15.74,UP,UP,S_UPH_V1,40,Veg
791,2021-09-10 8:13:38,16.34,UP,UP,S_UPH_V1,40,Veg
792,2021-09-10 9:13:38,16.73,UP,UP,S_UPH_V1,40,Veg
793,2021-09-10 10:13:38,17.37,UP,UP,S_UPH_V1,40,Veg
794,2021-09-10 11:13:38,18.27,UP,UP,S_UPH_V1,40,Veg
795,2021-09-10 12:13:38,20.80,UP,UP,S_UPH_V1,40,Veg
796,2021-09-10 13:13:38,21.23,UP,UP,S_UPH_V1,40,Veg
797,2021-09-10 14:13:38,20.25,UP,UP,S_UPH_V1,40,Veg
798,2021-09-10 15:13:38,21.10,UP,UP,S_UPH_V1,40,Veg
799,2021-09-10 16:13:38,22.69,UP,UP,S_UPH_V1,40,Veg
800,2021-09-10 17:13:38,20.16,UP,UP,S_UPH_V1,40,Veg
801,2021-09-10 18:13:38,20.33,UP,UP,S_UPH_V1,40,Veg
802,2021-09-10 19:13:38,16.43,UP,UP,S_UPH_V1,40,Veg
803,2021-09-10 20:13:38,14.80,UP,UP,S_UPH_V1,40,Veg
804,2021-09-10 21:13:38,14.11,UP,UP,S_UPH_V1,40,Veg
805,2021-09-10 22:13:38,13.55,UP,UP,S_UPH_V1,40,Veg
806,2021-09-10 23:13:38,10.94,UP,UP,S_UPH_V1,40,Veg
807,2021-09-11 0:13:38,9.56,UP,UP,S_UPH_V1,40,Veg
808,2021-09-11 1:13:38,9.61,UP,UP,S_UPH_V1,40,Veg
809,2021-09-11 2:13:38,10.42,UP,UP,S_UPH_V1,40,Veg
810,2021-09-11 3:13:38,10.98,UP,UP,S_UPH_V1,40,Veg
811,2021-09-11 4:13:38,11.24,UP,UP,S_UPH_V1,40,Veg
812,2021-09-11 5:13:38,9.39,UP,UP,S_UPH_V1,40,Veg
813,2021-09-11 6:13:38,9.86,UP,UP,S_UPH_V1,40,Veg
814,2021-09-11 7:13:38,9.74,UP,UP,S_UPH_V1,40,Veg
815,2021-09-11 8:13:38,15.18,UP,UP,S_UPH_V1,40,Veg
816,2021-09-11 9:13:38,19.65,UP,UP,S_UPH_V1,40,Veg
817,2021-09-11 10:13:38,23.55,UP,UP,S_UPH_V1,40,Veg
818,2021-09-11 11:13:38,24.49,UP,UP,S_UPH_V1,40,Veg
819,2021-09-11 12:13:38,23.68,UP,UP,S_UPH_V1,40,Veg
820,2021-09-11 13:13:38,26.72,UP,UP,S_UPH_V1,40,Veg
821,2021-09-11 14:13:38,30.97,UP,UP,S_UPH_V1,40,Veg
822,2021-09-11 15:13:38,29.56,UP,UP,S_UPH_V1,40,Veg
823,2021-09-11 16:13:38,31.19,UP,UP,S_UPH_V1,40,Veg
824,2021-09-11 17:13:38,28.53,UP,UP,S_UPH_V1,40,Veg
825,2021-09-11 18:13:38,26.77,UP,UP,S_UPH_V1,40,Veg
826,2021-09-11 19:13:38,18.10,UP,UP,S_UPH_V1,40,Veg
827,2021-09-11 20:13:38,15.27,UP,UP,S_UPH_V1,40,Veg
828,2021-09-11 21:13:38,14.97,UP,UP,S_UPH_V1,40,Veg
829,2021-09-11 22:13:38,14.75,UP,UP,S_UPH_V1,40,Veg
830,2021-09-11 23:13:38,14.88,UP,UP,S_UPH_V1,40,Veg
831,2021-09-12 0:13:38,15.83,UP,UP,S_UPH_V1,40,Veg
832,2021-09-12 1:13:38,15.78,UP,UP,S_UPH_V1,40,Veg
833,2021-09-12 2:13:38,16.26,UP,UP,S_UPH_V1,40,Veg
834,2021-09-12 3:13:38,16.56,UP,UP,S_UPH_V1,40,Veg
835,2021-09-12 4:13:38,16.26,UP,UP,S_UPH_V1,40,Veg
836,2021-09-12 5:13:38,15.91,UP,UP,S_UPH_V1,40,Veg
837,2021-09-12 6:13:38,15.48,UP,UP,S_UPH_V1,40,Veg
838,2021-09-12 7:13:38,16.17,UP,UP,S_UPH_V1,40,Veg
839,2021-09-12 8:13:38,17.80,UP,UP,S_UPH_V1,40,Veg
840,2021-09-12 9:13:38,22.86,UP,UP,S_UPH_V1,40,Veg
841,2021-09-12 10:13:38,22.69,UP,UP,S_UPH_V1,40,Veg
842,2021-09-12 11:13:38,20.93,UP,UP,S_UPH_V1,40,Veg
843,2021-09-12 12:13:38,21.75,UP,UP,S_UPH_V1,40,Veg
844,2021-09-12 13:13:38,28.01,UP,UP,S_UPH_V1,40,Veg
845,2021-09-12 14:13:38,21.70,UP,UP,S_UPH_V1,40,Veg
846,2021-09-12 15:13:38,24.06,UP,UP,S_UPH_V1,40,Veg
847,2021-09-12 16:13:38,30.46,UP,UP,S_UPH_V1,40,Veg
848,2021-09-12 17:13:38,29.43,UP,UP,S_UPH_V1,40,Veg
849,2021-09-12 18:13:38,22.31,UP,UP,S_UPH_V1,40,Veg
850,2021-09-12 19:13:38,20.72,UP,UP,S_UPH_V1,40,Veg
851,2021-09-12 20:13:38,18.70,UP,UP,S_UPH_V1,40,Veg
852,2021-09-12 21:13:38,16.47,UP,UP,S_UPH_V1,40,Veg
853,2021-09-12 22:13:38,16.94,UP,UP,S_UPH_V1,40,Veg
854,2021-09-12 23:13:38,16.69,UP,UP,S_UPH_V1,40,Veg
855,2021-09-13 0:13:38,16.17,UP,UP,S_UPH_V1,40,Veg
856,2021-09-13 1:13:38,14.63,UP,UP,S_UPH_V1,40,Veg
857,2021-09-13 2:13:38,14.45,UP,UP,S_UPH_V1,40,Veg
858,2021-09-13 3:13:38,14.37,UP,UP,S_UPH_V1,40,Veg
859,2021-09-13 4:13:38,14.28,UP,UP,S_UPH_V1,40,Veg
860,2021-09-13 5:13:38,13.85,UP,UP,S_UPH_V1,40,Veg
861,2021-09-13 6:13:38,14.07,UP,UP,S_UPH_V1,40,Veg
862,2021-09-13 7:13:38,13.47,UP,UP,S_UPH_V1,40,Veg
863,2021-09-13 8:13:38,16.77,UP,UP,S_UPH_V1,40,Veg
864,2021-09-13 9:13:38,22.09,UP,UP,S_UPH_V1,40,Veg
865,2021-09-13 10:13:38,23.08,UP,UP,S_UPH_V1,40,Veg
866,2021-09-13 11:13:38,24.75,UP,UP,S_UPH_V1,40,Veg
867,2021-09-13 12:13:38,23.68,UP,UP,S_UPH_V1,40,Veg
868,2021-09-13 13:13:38,25.78,UP,UP,S_UPH_V1,40,Veg
869,2021-09-13 14:13:38,27.88,UP,UP,S_UPH_V1,40,Veg
870,2021-09-13 15:13:38,29.43,UP,UP,S_UPH_V1,40,Veg
871,2021-09-13 16:13:38,29.00,UP,UP,S_UPH_V1,40,Veg
872,2021-09-13 17:13:38,25.74,UP,UP,S_UPH_V1,40,Veg
873,2021-09-13 18:13:38,23.46,UP,UP,S_UPH_V1,40,Veg
874,2021-09-13 19:13:38,17.07,UP,UP,S_UPH_V1,40,Veg
875,2021-09-13 20:13:38,14.15,UP,UP,S_UPH_V1,40,Veg
876,2021-09-13 21:13:38,12.82,UP,UP,S_UPH_V1,40,Veg
877,2021-09-13 22:13:38,12.31,UP,UP,S_UPH_V1,40,Veg
878,2021-09-13 23:13:38,12.01,UP,UP,S_UPH_V1,40,Veg
879,2021-09-14 0:13:38,11.37,UP,UP,S_UPH_V1,40,Veg
880,2021-09-14 1:13:38,11.58,UP,UP,S_UPH_V1,40,Veg
881,2021-09-14 2:13:38,10.85,UP,UP,S_UPH_V1,40,Veg
882,2021-09-14 3:13:38,10.85,UP,UP,S_UPH_V1,40,Veg
883,2021-09-14 4:13:38,9.86,UP,UP,S_UPH_V1,40,Veg
884,2021-09-14 5:13:38,9.14,UP,UP,S_UPH_V1,40,Veg
885,2021-09-14 6:13:38,8.53,UP,UP,S_UPH_V1,40,Veg
886,2021-09-14 7:13:38,9.09,UP,UP,S_UPH_V1,40,Veg
887,2021-09-14 8:13:38,14.67,UP,UP,S_UPH_V1,40,Veg
888,2021-09-14 9:13:38,20.76,UP,UP,S_UPH_V1,40,Veg
889,2021-09-14 10:13:38,22.65,UP,UP,S_UPH_V1,40,Veg
890,2021-09-14 11:13:38,24.32,UP,UP,S_UPH_V1,40,Veg
891,2021-09-14 12:13:38,23.21,UP,UP,S_UPH_V1,40,Veg
892,2021-09-14 13:13:38,26.47,UP,UP,S_UPH_V1,40,Veg
893,2021-09-14 14:13:38,27.93,UP,UP,S_UPH_V1,40,Veg
894,2021-09-14 15:13:38,32.22,UP,UP,S_UPH_V1,40,Veg
895,2021-09-14 16:13:38,25.82,UP,UP,S_UPH_V1,40,Veg
896,2021-09-14 17:13:38,25.95,UP,UP,S_UPH_V1,40,Veg
897,2021-09-14 18:13:38,21.45,UP,UP,S_UPH_V1,40,Veg
898,2021-09-14 19:13:38,18.06,UP,UP,S_UPH_V1,40,Veg
899,2021-09-14 20:13:38,17.46,UP,UP,S_UPH_V1,40,Veg
900,2021-09-14 21:13:38,17.03,UP,UP,S_UPH_V1,40,Veg
901,2021-09-14 22:13:38,17.29,UP,UP,S_UPH_V1,40,Veg
902,2021-09-14 23:13:38,17.41,UP,UP,S_UPH_V1,40,Veg
903,2021-09-15 0:13:38,18.66,UP,UP,S_UPH_V1,40,Veg
904,2021-09-15 1:13:38,19.35,UP,UP,S_UPH_V1,40,Veg
905,2021-09-15 2:13:38,19.43,UP,UP,S_UPH_V1,40,Veg
906,2021-09-15 3:13:38,19.52,UP,UP,S_UPH_V1,40,Veg
907,2021-09-15 4:13:38,19.82,UP,UP,S_UPH_V1,40,Veg
908,2021-09-15 5:13:38,19.65,UP,UP,S_UPH_V1,40,Veg
909,2021-09-15 6:13:38,20.20,UP,UP,S_UPH_V1,40,Veg
910,2021-09-15 7:13:38,19.39,UP,UP,S_UPH_V1,40,Veg
911,2021-09-15 8:13:38,20.50,UP,UP,S_UPH_V1,40,Veg
912,2021-09-15 9:13:38,21.49,UP,UP,S_UPH_V1,40,Veg
913,2021-09-15 10:13:38,24.97,UP,UP,S_UPH_V1,40,Veg
914,2021-09-15 11:13:38,25.44,UP,UP,S_UPH_V1,40,Veg
915,2021-09-15 12:13:38,26.68,UP,UP,S_UPH_V1,40,Veg
916,2021-09-15 13:13:38,28.65,UP,UP,S_UPH_V1,40,Veg
917,2021-09-15 14:13:38,19.47,UP,UP,S_UPH_V1,40,Veg
918,2021-09-15 15:13:38,19.35,UP,UP,S_UPH_V1,40,Veg
919,2021-09-15 16:13:38,19.35,UP,UP,S_UPH_V1,40,Veg
920,2021-09-15 17:13:38,18.96,UP,UP,S_UPH_V1,40,Veg
921,2021-09-15 18:13:38,18.06,UP,UP,S_UPH_V1,40,Veg
922,2021-09-15 19:13:38,17.24,UP,UP,S_UPH_V1,40,Veg
923,2021-09-15 20:13:38,16.77,UP,UP,S_UPH_V1,40,Veg
924,2021-09-15 21:13:38,16.81,UP,UP,S_UPH_V1,40,Veg
925,2021-09-15 22:13:38,15.06,UP,UP,S_UPH_V1,40,Veg
926,2021-09-15 23:13:38,14.20,UP,UP,S_UPH_V1,40,Veg
927,2021-09-16 0:13:38,13.08,UP,UP,S_UPH_V1,40,Veg
928,2021-09-16 1:13:38,12.74,UP,UP,S_UPH_V1,40,Veg
929,2021-09-16 2:13:38,12.57,UP,UP,S_UPH_V1,40,Veg
930,2021-09-16 3:13:38,12.22,UP,UP,S_UPH_V1,40,Veg
931,2021-09-16 4:13:38,11.75,UP,UP,S_UPH_V1,40,Veg
932,2021-09-16 5:13:38,11.58,UP,UP,S_UPH_V1,40,Veg
933,2021-09-16 6:13:38,10.81,UP,UP,S_UPH_V1,40,Veg
934,2021-09-16 7:13:38,10.46,UP,UP,S_UPH_V1,40,Veg
935,2021-09-16 8:13:38,14.11,UP,UP,S_UPH_V1,40,Veg
936,2021-09-16 9:13:38,19.09,UP,UP,S_UPH_V1,40,Veg
937,2021-09-16 10:13:38,21.40,UP,UP,S_UPH_V1,40,Veg
938,2021-09-16 11:13:38,22.52,UP,UP,S_UPH_V1,40,Veg
939,2021-09-16 12:13:38,23.34,UP,UP,S_UPH_V1,40,Veg
940,2021-09-16 13:13:38,25.09,UP,UP,S_UPH_V1,40,Veg
941,2021-09-16 14:13:38,26.77,UP,UP,S_UPH_V1,40,Veg
942,2021-09-16 15:13:38,29.34,UP,UP,S_UPH_V1,40,Veg
943,2021-09-16 16:13:38,30.50,UP,UP,S_UPH_V1,40,Veg
944,2021-09-16 17:13:38,30.50,UP,UP,S_UPH_V1,40,Veg
945,2021-09-16 18:13:38,28.57,UP,UP,S_UPH_V1,40,Veg
946,2021-09-16 19:13:38,17.37,UP,UP,S_UPH_V1,40,Veg
947,2021-09-16 20:13:38,13.98,UP,UP,S_UPH_V1,40,Veg
948,2021-09-16 21:13:38,13.08,UP,UP,S_UPH_V1,40,Veg
949,2021-09-16 22:13:38,12.87,UP,UP,S_UPH_V1,40,Veg
950,2021-09-16 23:13:38,12.61,UP,UP,S_UPH_V1,40,Veg
951,2021-09-17 0:13:38,12.57,UP,UP,S_UPH_V1,40,Veg
952,2021-09-17 1:13:38,12.31,UP,UP,S_UPH_V1,40,Veg
953,2021-09-17 2:13:38,14.54,UP,UP,S_UPH_V1,40,Veg
954,2021-09-17 3:13:38,13.77,UP,UP,S_UPH_V1,40,Veg
955,2021-09-17 4:13:38,13.34,UP,UP,S_UPH_V1,40,Veg
956,2021-09-17 5:13:38,15.14,UP,UP,S_UPH_V1,40,Veg
957,2021-09-17 6:13:38,15.70,UP,UP,S_UPH_V1,40,Veg
958,2021-09-17 7:13:38,16.13,UP,UP,S_UPH_V1,40,Veg
959,2021-09-17 8:13:38,18.27,UP,UP,S_UPH_V1,40,Veg
960,2021-09-17 9:13:38,21.75,UP,UP,S_UPH_V1,40,Veg
961,2021-09-17 10:13:38,25.69,UP,UP,S_UPH_V1,40,Veg
962,2021-09-17 11:13:38,25.27,UP,UP,S_UPH_V1,40,Veg
963,2021-09-17 12:13:38,25.69,UP,UP,S_UPH_V1,40,Veg
964,2021-09-17 13:13:38,27.07,UP,UP,S_UPH_V1,40,Veg
965,2021-09-17 14:13:38,31.44,UP,UP,S_UPH_V1,40,Veg
966,2021-09-17 15:13:38,27.24,UP,UP,S_UPH_V1,40,Veg
967,2021-09-17 16:13:38,28.44,UP,UP,S_UPH_V1,40,Veg
968,2021-09-17 17:13:38,28.53,UP,UP,S_UPH_V1,40,Veg
969,2021-09-17 18:13:38,24.28,UP,UP,S_UPH_V1,40,Veg
970,2021-09-17 19:13:38,20.03,UP,UP,S_UPH_V1,40,Veg
971,2021-09-17 20:13:38,18.66,UP,UP,S_UPH_V1,40,Veg
972,2021-09-17 21:13:38,17.93,UP,UP,S_UPH_V1,40,Veg
973,2021-09-17 22:13:38,16.90,UP,UP,S_UPH_V1,40,Veg
974,2021-09-17 23:13:38,17.29,UP,UP,S_UPH_V1,40,Veg
975,2021-09-18 0:13:38,17.37,UP,UP,S_UPH_V1,40,Veg
976,2021-09-18 1:13:38,17.76,UP,UP,S_UPH_V1,40,Veg
977,2021-09-18 2:13:38,17.72,UP,UP,S_UPH_V1,40,Veg
978,2021-09-18 3:13:38,17.50,UP,UP,S_UPH_V1,40,Veg
979,2021-09-18 4:13:38,17.97,UP,UP,S_UPH_V1,40,Veg
980,2021-09-18 5:13:38,17.24,UP,UP,S_UPH_V1,40,Veg
981,2021-09-18 6:13:38,16.30,UP,UP,S_UPH_V1,40,Veg
982,2021-09-18 7:13:38,17.76,UP,UP,S_UPH_V1,40,Veg
983,2021-09-18 8:13:38,20.16,UP,UP,S_UPH_V1,40,Veg
984,2021-09-18 9:13:38,22.82,UP,UP,S_UPH_V1,40,Veg
985,2021-09-18 10:13:38,24.97,UP,UP,S_UPH_V1,40,Veg
986,2021-09-18 11:13:38,27.45,UP,UP,S_UPH_V1,40,Veg
987,2021-09-18 12:13:38,28.31,UP,UP,S_UPH_V1,40,Veg
988,2021-09-18 13:13:38,24.84,UP,UP,S_UPH_V1,40,Veg
989,2021-09-18 14:13:38,17.33,UP,UP,S_UPH_V1,40,Veg
990,2021-09-18 15:13:38,23.94,UP,UP,S_UPH_V1,40,Veg
991,2021-09-18 16:13:38,21.19,UP,UP,S_UPH_V1,40,Veg
992,2021-09-18 17:13:38,19.99,UP,UP,S_UPH_V1,40,Veg
993,2021-09-18 18:13:38,18.49,UP,UP,S_UPH_V1,40,Veg
994,2021-09-18 19:13:38,14.93,UP,UP,S_UPH_V1,40,Veg
995,2021-09-18 20:13:38,13.43,UP,UP,S_UPH_V1,40,Veg
996,2021-09-18 21:13:38,12.27,UP,UP,S_UPH_V1,40,Veg
997,2021-09-18 22:13:38,11.75,UP,UP,S_UPH_V1,40,Veg
998,2021-09-18 23:13:38,11.02,UP,UP,S_UPH_V1,40,Veg
999,2021-09-19 0:13:38,10.42,UP,UP,S_UPH_V1,40,Veg
1000,2021-09-19 1:13:38,10.12,UP,UP,S_UPH_V1,40,Veg
1001,2021-09-19 2:13:38,9.52,UP,UP,S_UPH_V1,40,Veg
1002,2021-09-19 3:13:38,9.35,UP,UP,S_UPH_V1,40,Veg
1003,2021-09-19 4:13:38,8.62,UP,UP,S_UPH_V1,40,Veg
1004,2021-09-19 5:13:38,8.19,UP,UP,S_UPH_V1,40,Veg
1005,2021-09-19 6:13:38,8.32,UP,UP,S_UPH_V1,40,Veg
1006,2021-09-19 7:13:38,10.68,UP,UP,S_UPH_V1,40,Veg
1007,2021-09-19 8:13:38,11.75,UP,UP,S_UPH_V1,40,Veg
1008,2021-09-19 9:13:38,13.68,UP,UP,S_UPH_V1,40,Veg
1009,2021-09-19 10:13:38,18.49,UP,UP,S_UPH_V1,40,Veg
1010,2021-09-19 11:13:38,19.22,UP,UP,S_UPH_V1,40,Veg
1011,2021-09-19 12:13:38,19.86,UP,UP,S_UPH_V1,40,Veg
1012,2021-09-19 13:13:38,21.49,UP,UP,S_UPH_V1,40,Veg
1013,2021-09-19 14:13:38,25.61,UP,UP,S_UPH_V1,40,Veg
1014,2021-09-19 15:13:38,26.94,UP,UP,S_UPH_V1,40,Veg
1015,2021-09-19 16:13:38,26.38,UP,UP,S_UPH_V1,40,Veg
1016,2021-09-19 17:13:38,25.27,UP,UP,S_UPH_V1,40,Veg
1017,2021-09-19 18:13:38,23.16,UP,UP,S_UPH_V1,40,Veg
1018,2021-09-19 19:13:38,13.47,UP,UP,S_UPH_V1,40,Veg
1019,2021-09-19 20:13:38,10.72,UP,UP,S_UPH_V1,40,Veg
1020,2021-09-19 21:13:38,9.39,UP,UP,S_UPH_V1,40,Veg
1021,2021-09-19 22:13:38,8.45,UP,UP,S_UPH_V1,40,Veg
1022,2021-09-19 23:13:38,8.02,UP,UP,S_UPH_V1,40,Veg
1023,2021-09-20 0:13:38,8.58,UP,UP,S_UPH_V1,40,Veg
1024,2021-09-20 1:13:38,7.93,UP,UP,S_UPH_V1,40,Veg
1025,2021-09-20 2:13:38,6.90,UP,UP,S_UPH_V1,40,Veg
1026,2021-09-20 3:13:38,7.12,UP,UP,S_UPH_V1,40,Veg
1027,2021-09-20 4:13:38,6.82,UP,UP,S_UPH_V1,40,Veg
1028,2021-09-20 5:13:38,6.60,UP,UP,S_UPH_V1,40,Veg
1029,2021-09-20 6:13:38,6.09,UP,UP,S_UPH_V1,40,Veg
1030,2021-09-20 7:13:38,6.69,UP,UP,S_UPH_V1,40,Veg
1031,2021-09-20 8:13:38,9.65,UP,UP,S_UPH_V1,40,Veg
1032,2021-09-20 9:13:38,18.40,UP,UP,S_UPH_V1,40,Veg
1033,2021-09-20 10:13:38,23.38,UP,UP,S_UPH_V1,40,Veg
1034,2021-09-20 11:13:38,25.39,UP,UP,S_UPH_V1,40,Veg
1035,2021-09-20 12:13:38,25.82,UP,UP,S_UPH_V1,40,Veg
1036,2021-09-20 13:13:38,28.44,UP,UP,S_UPH_V1,40,Veg
1037,2021-09-20 14:13:38,32.60,UP,UP,S_UPH_V1,40,Veg
1038,2021-09-20 15:13:38,35.65,UP,UP,S_UPH_V1,40,Veg
1039,2021-09-20 16:13:38,33.97,UP,UP,S_UPH_V1,40,Veg
1040,2021-09-20 17:13:38,31.83,UP,UP,S_UPH_V1,40,Veg
1041,2021-09-20 18:13:38,26.34,UP,UP,S_UPH_V1,40,Veg
1042,2021-09-20 19:13:38,14.84,UP,UP,S_UPH_V1,40,Veg
1043,2021-09-20 20:13:38,13.04,UP,UP,S_UPH_V1,40,Veg
1044,2021-09-20 21:13:38,12.65,UP,UP,S_UPH_V1,40,Veg
1045,2021-09-20 22:13:38,12.48,UP,UP,S_UPH_V1,40,Veg
1046,2021-09-20 23:13:38,12.05,UP,UP,S_UPH_V1,40,Veg
1047,2021-09-21 0:13:38,12.91,UP,UP,S_UPH_V1,40,Veg
1048,2021-09-21 1:13:38,13.81,UP,UP,S_UPH_V1,40,Veg
1049,2021-09-21 2:13:38,13.25,UP,UP,S_UPH_V1,40,Veg
1050,2021-09-21 3:13:38,13.30,UP,UP,S_UPH_V1,40,Veg
1051,2021-09-21 4:13:38,14.07,UP,UP,S_UPH_V1,40,Veg
1052,2021-09-21 5:13:38,13.60,UP,UP,S_UPH_V1,40,Veg
1053,2021-09-21 6:13:38,13.47,UP,UP,S_UPH_V1,40,Veg
1054,2021-09-21 7:13:38,13.60,UP,UP,S_UPH_V1,40,Veg
1055,2021-09-21 8:13:38,15.01,UP,UP,S_UPH_V1,40,Veg
1056,2021-09-21 9:13:38,20.50,UP,UP,S_UPH_V1,40,Veg
1057,2021-09-21 10:13:38,24.36,UP,UP,S_UPH_V1,40,Veg
1058,2021-09-21 11:13:38,25.31,UP,UP,S_UPH_V1,40,Veg
1059,2021-09-21 12:13:38,25.74,UP,UP,S_UPH_V1,40,Veg
1060,2021-09-21 13:13:38,27.45,UP,UP,S_UPH_V1,40,Veg
1061,2021-09-21 14:13:38,27.07,UP,UP,S_UPH_V1,40,Veg
1062,2021-09-21 15:13:38,26.77,UP,UP,S_UPH_V1,40,Veg
1063,2021-09-21 16:13:38,24.97,UP,UP,S_UPH_V1,40,Veg
1064,2021-09-21 17:13:38,27.80,UP,UP,S_UPH_V1,40,Veg
1065,2021-09-21 18:13:38,20.72,UP,UP,S_UPH_V1,40,Veg
1066,2021-09-21 19:13:38,15.57,UP,UP,S_UPH_V1,40,Veg
1067,2021-09-21 20:13:38,15.36,UP,UP,S_UPH_V1,40,Veg
1068,2021-09-21 21:13:38,13.04,UP,UP,S_UPH_V1,40,Veg
1069,2021-09-21 22:13:38,12.27,UP,UP,S_UPH_V1,40,Veg
1070,2021-09-21 23:13:38,13.47,UP,UP,S_UPH_V1,40,Veg
1071,2021-09-22 0:13:38,13.64,UP,UP,S_UPH_V1,40,Veg
1072,2021-09-22 1:13:38,14.75,UP,UP,S_UPH_V1,40,Veg
1073,2021-09-22 2:13:38,15.44,UP,UP,S_UPH_V1,40,Veg
1074,2021-09-22 3:13:38,15.01,UP,UP,S_UPH_V1,40,Veg
1075,2021-09-22 4:13:38,15.27,UP,UP,S_UPH_V1,40,Veg
1076,2021-09-22 5:13:38,13.94,UP,UP,S_UPH_V1,40,Veg
1077,2021-09-22 6:13:38,15.91,UP,UP,S_UPH_V1,40,Veg
1078,2021-09-22 7:13:38,16.81,UP,UP,S_UPH_V1,40,Veg
1079,2021-09-22 8:13:38,18.92,UP,UP,S_UPH_V1,40,Veg
1080,2021-09-22 9:13:38,21.40,UP,UP,S_UPH_V1,40,Veg
1081,2021-09-22 10:13:38,22.35,UP,UP,S_UPH_V1,40,Veg
1082,2021-09-22 11:13:38,23.42,UP,UP,S_UPH_V1,40,Veg
1083,2021-09-22 12:13:38,23.85,UP,UP,S_UPH_V1,40,Veg
1084,2021-09-22 13:13:38,29.68,UP,UP,S_UPH_V1,40,Veg
1085,2021-09-22 14:13:38,32.52,UP,UP,S_UPH_V1,40,Veg
1086,2021-09-22 15:13:38,30.80,UP,UP,S_UPH_V1,40,Veg
1087,2021-09-22 16:13:38,28.74,UP,UP,S_UPH_V1,40,Veg
1088,2021-09-22 17:13:38,30.59,UP,UP,S_UPH_V1,40,Veg
1089,2021-09-22 18:13:38,24.66,UP,UP,S_UPH_V1,40,Veg
1090,2021-09-22 19:13:38,20.93,UP,UP,S_UPH_V1,40,Veg
1091,2021-09-22 20:13:38,19.95,UP,UP,S_UPH_V1,40,Veg
1092,2021-09-22 21:13:38,19.43,UP,UP,S_UPH_V1,40,Veg
1093,2021-09-22 22:13:38,19.82,UP,UP,S_UPH_V1,40,Veg
1094,2021-09-22 23:13:38,18.27,UP,UP,S_UPH_V1,40,Veg
1095,2021-09-23 0:13:38,18.02,UP,UP,S_UPH_V1,40,Veg
1096,2021-09-23 1:13:38,19.65,UP,UP,S_UPH_V1,40,Veg
1097,2021-09-23 2:13:38,20.63,UP,UP,S_UPH_V1,40,Veg
1098,2021-09-23 3:13:38,19.99,UP,UP,S_UPH_V1,40,Veg
1099,2021-09-23 4:13:38,19.95,UP,UP,S_UPH_V1,40,Veg
1100,2021-09-23 5:13:38,21.10,UP,UP,S_UPH_V1,40,Veg
1101,2021-09-23 6:13:38,19.69,UP,UP,S_UPH_V1,40,Veg
1102,2021-09-23 7:13:38,18.79,UP,UP,S_UPH_V1,40,Veg
1103,2021-09-23 8:13:38,20.03,UP,UP,S_UPH_V1,40,Veg
1104,2021-09-23 9:13:38,24.97,UP,UP,S_UPH_V1,40,Veg
1105,2021-09-23 10:13:38,26.30,UP,UP,S_UPH_V1,40,Veg
1106,2021-09-23 11:13:38,30.59,UP,UP,S_UPH_V1,40,Veg
1107,2021-09-23 12:13:38,30.84,UP,UP,S_UPH_V1,40,Veg
1108,2021-09-23 13:13:38,31.40,UP,UP,S_UPH_V1,40,Veg
1109,2021-09-23 14:13:38,33.16,UP,UP,S_UPH_V1,40,Veg
1110,2021-09-23 15:13:38,31.36,UP,UP,S_UPH_V1,40,Veg
1111,2021-09-23 16:13:38,29.21,UP,UP,S_UPH_V1,40,Veg
1112,2021-09-23 17:13:38,28.14,UP,UP,S_UPH_V1,40,Veg
1113,2021-09-23 18:13:38,24.06,UP,UP,S_UPH_V1,40,Veg
1114,2021-09-23 19:13:38,20.29,UP,UP,S_UPH_V1,40,Veg
1115,2021-09-23 20:13:38,20.42,UP,UP,S_UPH_V1,40,Veg
1116,2021-09-23 21:13:38,20.37,UP,UP,S_UPH_V1,40,Veg
1117,2021-09-23 22:13:38,21.02,UP,UP,S_UPH_V1,40,Veg
1118,2021-09-23 23:13:38,21.83,UP,UP,S_UPH_V1,40,Veg
1119,2021-09-24 0:13:38,21.36,UP,UP,S_UPH_V1,40,Veg
1120,2021-09-24 1:13:38,21.79,UP,UP,S_UPH_V1,40,Veg
1121,2021-09-24 2:13:38,20.76,UP,UP,S_UPH_V1,40,Veg
1122,2021-09-24 3:13:38,19.52,UP,UP,S_UPH_V1,40,Veg
1123,2021-09-24 4:13:38,17.84,UP,UP,S_UPH_V1,40,Veg
1124,2021-09-24 5:13:38,17.11,UP,UP,S_UPH_V1,40,Veg
1125,2021-09-24 6:13:38,16.90,UP,UP,S_UPH_V1,40,Veg
1126,2021-09-24 7:13:38,16.51,UP,UP,S_UPH_V1,40,Veg
1127,2021-09-24 8:13:38,16.13,UP,UP,S_UPH_V1,40,Veg
1128,2021-09-24 9:13:38,16.13,UP,UP,S_UPH_V1,40,Veg
1129,2021-09-24 10:13:38,17.89,UP,UP,S_UPH_V1,40,Veg
1130,2021-09-24 11:13:38,19.99,UP,UP,S_UPH_V1,40,Veg
1131,2021-09-24 12:13:38,22.48,UP,UP,S_UPH_V1,40,Veg
1132,2021-09-24 13:13:38,24.58,UP,UP,S_UPH_V1,40,Veg
1133,2021-09-24 14:13:38,28.40,UP,UP,S_UPH_V1,40,Veg
1134,2021-09-24 15:13:38,31.57,UP,UP,S_UPH_V1,40,Veg
1135,2021-09-24 16:13:38,29.68,UP,UP,S_UPH_V1,40,Veg
1136,2021-09-24 17:13:38,24.88,UP,UP,S_UPH_V1,40,Veg
1137,2021-09-24 18:13:38,18.74,UP,UP,S_UPH_V1,40,Veg
1138,2021-09-24 19:13:38,16.43,UP,UP,S_UPH_V1,40,Veg
1139,2021-09-24 20:13:38,13.12,UP,UP,S_UPH_V1,40,Veg
1140,2021-09-24 21:13:38,11.11,UP,UP,S_UPH_V1,40,Veg
1141,2021-09-24 22:13:38,10.51,UP,UP,S_UPH_V1,40,Veg
1142,2021-09-24 23:13:38,10.21,UP,UP,S_UPH_V1,40,Veg
1143,2021-09-25 0:13:38,11.07,UP,UP,S_UPH_V1,40,Veg
1144,2021-09-25 1:13:38,10.72,UP,UP,S_UPH_V1,40,Veg
1145,2021-09-25 2:13:38,9.52,UP,UP,S_UPH_V1,40,Veg
1146,2021-09-25 3:13:38,8.83,UP,UP,S_UPH_V1,40,Veg
1147,2021-09-25 4:13:38,9.65,UP,UP,S_UPH_V1,40,Veg
1148,2021-09-25 5:13:38,10.42,UP,UP,S_UPH_V1,40,Veg
1149,2021-09-25 6:13:38,8.62,UP,UP,S_UPH_V1,40,Veg
1150,2021-09-25 7:13:38,8.32,UP,UP,S_UPH_V1,40,Veg
1151,2021-09-25 8:13:38,10.94,UP,UP,S_UPH_V1,40,Veg
1152,2021-09-25 9:13:38,14.37,UP,UP,S_UPH_V1,40,Veg
1153,2021-09-25 10:13:38,22.35,UP,UP,S_UPH_V1,40,Veg
1154,2021-09-25 11:13:38,21.53,UP,UP,S_UPH_V1,40,Veg
1155,2021-09-25 12:13:38,23.72,UP,UP,S_UPH_V1,40,Veg
1156,2021-09-25 13:13:38,23.94,UP,UP,S_UPH_V1,40,Veg
1157,2021-09-25 14:13:38,30.84,UP,UP,S_UPH_V1,40,Veg
1158,2021-09-25 15:13:38,30.37,UP,UP,S_UPH_V1,40,Veg
1159,2021-09-25 16:13:38,27.54,UP,UP,S_UPH_V1,40,Veg
1160,2021-09-25 17:13:38,22.95,UP,UP,S_UPH_V1,40,Veg
1161,2021-09-25 18:13:38,17.24,UP,UP,S_UPH_V1,40,Veg
1162,2021-09-25 19:13:38,13.51,UP,UP,S_UPH_V1,40,Veg
1163,2021-09-25 20:13:38,12.91,UP,UP,S_UPH_V1,40,Veg
1164,2021-09-25 21:13:38,12.82,UP,UP,S_UPH_V1,40,Veg
1165,2021-09-25 22:13:38,12.22,UP,UP,S_UPH_V1,40,Veg
1166,2021-09-25 23:13:38,11.67,UP,UP,S_UPH_V1,40,Veg
1167,2021-09-26 0:13:38,11.41,UP,UP,S_UPH_V1,40,Veg
1168,2021-09-26 1:13:38,11.58,UP,UP,S_UPH_V1,40,Veg
1169,2021-09-26 2:13:38,11.28,UP,UP,S_UPH_V1,40,Veg
1170,2021-09-26 3:13:38,12.78,UP,UP,S_UPH_V1,40,Veg
1171,2021-09-26 4:13:38,11.45,UP,UP,S_UPH_V1,40,Veg
1172,2021-09-26 5:13:38,11.92,UP,UP,S_UPH_V1,40,Veg
1173,2021-09-26 6:13:38,11.37,UP,UP,S_UPH_V1,40,Veg
1174,2021-09-26 7:13:38,11.79,UP,UP,S_UPH_V1,40,Veg
1175,2021-09-26 8:13:38,14.84,UP,UP,S_UPH_V1,40,Veg
1176,2021-09-26 9:13:38,17.03,UP,UP,S_UPH_V1,40,Veg
1177,2021-09-26 10:13:38,17.03,UP,UP,S_UPH_V1,40,Veg
1178,2021-09-26 11:13:38,21.06,UP,UP,S_UPH_V1,40,Veg
1179,2021-09-26 12:13:38,21.40,UP,UP,S_UPH_V1,40,Veg
1180,2021-09-26 13:13:38,21.92,UP,UP,S_UPH_V1,40,Veg
1181,2021-09-26 14:13:38,24.88,UP,UP,S_UPH_V1,40,Veg
1182,2021-09-26 15:13:38,20.25,UP,UP,S_UPH_V1,40,Veg
1183,2021-09-26 16:13:38,19.65,UP,UP,S_UPH_V1,40,Veg
1184,2021-09-26 17:13:38,20.80,UP,UP,S_UPH_V1,40,Veg
1185,2021-09-26 18:13:38,17.63,UP,UP,S_UPH_V1,40,Veg
1186,2021-09-26 19:13:38,15.74,UP,UP,S_UPH_V1,40,Veg
1187,2021-09-26 20:13:38,14.33,UP,UP,S_UPH_V1,40,Veg
1188,2021-09-26 21:13:38,13.64,UP,UP,S_UPH_V1,40,Veg
1189,2021-09-26 22:13:38,13.51,UP,UP,S_UPH_V1,40,Veg
1190,2021-09-26 23:13:38,9.99,UP,UP,S_UPH_V1,40,Veg
1191,2021-09-27 0:13:38,9.74,UP,UP,S_UPH_V1,40,Veg
1192,2021-09-27 1:13:38,10.89,UP,UP,S_UPH_V1,40,Veg
1193,2021-09-27 2:13:38,8.75,UP,UP,S_UPH_V1,40,Veg
1194,2021-09-27 3:13:38,7.85,UP,UP,S_UPH_V1,40,Veg
1195,2021-09-27 4:13:38,7.76,UP,UP,S_UPH_V1,40,Veg
1196,2021-09-27 5:13:38,8.88,UP,UP,S_UPH_V1,40,Veg
1197,2021-09-27 6:13:38,9.22,UP,UP,S_UPH_V1,40,Veg
1198,2021-09-27 7:13:38,10.51,UP,UP,S_UPH_V1,40,Veg
1199,2021-09-27 8:13:38,12.27,UP,UP,S_UPH_V1,40,Veg
1200,2021-09-27 9:13:38,12.95,UP,UP,S_UPH_V1,40,Veg
1201,2021-09-27 10:13:38,14.33,UP,UP,S_UPH_V1,40,Veg
1202,2021-09-27 11:13:38,14.11,UP,UP,S_UPH_V1,40,Veg
1203,2021-09-27 12:13:38,13.98,UP,UP,S_UPH_V1,40,Veg
1204,2021-09-27 13:13:38,14.80,UP,UP,S_UPH_V1,40,Veg
1205,2021-09-27 14:13:38,15.01,UP,UP,S_UPH_V1,40,Veg
1206,2021-09-27 15:13:38,15.10,UP,UP,S_UPH_V1,40,Veg
1207,2021-09-27 16:13:38,15.10,UP,UP,S_UPH_V1,40,Veg
1208,2021-09-27 17:13:38,14.84,UP,UP,S_UPH_V1,40,Veg
1209,2021-09-27 18:13:38,14.75,UP,UP,S_UPH_V1,40,Veg
1210,2021-09-27 19:13:38,14.75,UP,UP,S_UPH_V1,40,Veg
1211,2021-09-27 20:13:38,14.84,UP,UP,S_UPH_V1,40,Veg
1212,2021-09-27 21:13:38,15.14,UP,UP,S_UPH_V1,40,Veg
1213,2021-09-27 22:13:38,15.23,UP,UP,S_UPH_V1,40,Veg
1214,2021-09-27 23:13:38,13.77,UP,UP,S_UPH_V1,40,Veg
1215,2021-09-28 0:13:38,14.07,UP,UP,S_UPH_V1,40,Veg
1216,2021-09-28 1:13:38,14.11,UP,UP,S_UPH_V1,40,Veg
1217,2021-09-28 2:13:38,14.45,UP,UP,S_UPH_V1,40,Veg
1218,2021-09-28 3:13:38,14.33,UP,UP,S_UPH_V1,40,Veg
1219,2021-09-28 4:13:38,14.20,UP,UP,S_UPH_V1,40,Veg
1220,2021-09-28 5:13:38,13.43,UP,UP,S_UPH_V1,40,Veg
1221,2021-09-28 6:13:38,11.84,UP,UP,S_UPH_V1,40,Veg
1222,2021-09-28 7:13:38,11.11,UP,UP,S_UPH_V1,40,Veg
1223,2021-09-28 8:13:38,11.58,UP,UP,S_UPH_V1,40,Veg
1224,2021-09-28 9:13:38,12.14,UP,UP,S_UPH_V1,40,Veg
1225,2021-09-28 10:13:38,13.64,UP,UP,S_UPH_V1,40,Veg
1226,2021-09-28 11:13:38,15.18,UP,UP,S_UPH_V1,40,Veg
1227,2021-09-28 12:13:38,16.73,UP,UP,S_UPH_V1,40,Veg
1228,2021-09-28 13:13:38,17.46,UP,UP,S_UPH_V1,40,Veg
1229,2021-09-28 14:13:38,20.16,UP,UP,S_UPH_V1,40,Veg
1230,2021-09-28 15:13:38,21.83,UP,UP,S_UPH_V1,40,Veg
1231,2021-09-28 16:13:38,21.36,UP,UP,S_UPH_V1,40,Veg
1232,2021-09-28 17:13:38,14.07,UP,UP,S_UPH_V1,40,Veg
1233,2021-09-28 18:13:38,12.44,UP,UP,S_UPH_V1,40,Veg
1234,2021-09-28 19:13:38,11.28,UP,UP,S_UPH_V1,40,Veg
1235,2021-09-28 20:13:38,9.52,UP,UP,S_UPH_V1,40,Veg
1236,2021-09-28 21:13:38,9.61,UP,UP,S_UPH_V1,40,Veg
1237,2021-09-28 22:13:38,9.01,UP,UP,S_UPH_V1,40,Veg
1238,2021-09-28 23:13:38,6.82,UP,UP,S_UPH_V1,40,Veg
1239,2021-09-29 0:13:38,5.66,UP,UP,S_UPH_V1,40,Veg
1240,2021-09-29 1:13:38,5.92,UP,UP,S_UPH_V1,40,Veg
1241,2021-09-29 2:13:38,6.56,UP,UP,S_UPH_V1,40,Veg
1242,2021-09-29 3:13:38,6.56,UP,UP,S_UPH_V1,40,Veg
1243,2021-09-29 4:13:38,7.16,UP,UP,S_UPH_V1,40,Veg
1244,2021-09-29 5:13:38,7.72,UP,UP,S_UPH_V1,40,Veg
1245,2021-09-29 6:13:38,7.38,UP,UP,S_UPH_V1,40,Veg
1246,2021-09-29 7:13:38,6.60,UP,UP,S_UPH_V1,40,Veg
1247,2021-09-29 8:13:38,8.32,UP,UP,S_UPH_V1,40,Veg
1248,2021-09-29 9:13:38,11.02,UP,UP,S_UPH_V1,40,Veg
1249,2021-09-29 10:13:38,11.45,UP,UP,S_UPH_V1,40,Veg
1250,2021-09-29 11:13:38,14.41,UP,UP,S_UPH_V1,40,Veg
1251,2021-09-29 12:13:38,14.58,UP,UP,S_UPH_V1,40,Veg
1252,2021-09-29 13:13:38,13.90,UP,UP,S_UPH_V1,40,Veg
1253,2021-09-29 14:13:38,14.58,UP,UP,S_UPH_V1,40,Veg
1254,2021-09-29 15:13:38,15.31,UP,UP,S_UPH_V1,40,Veg
1255,2021-09-29 16:13:38,13.25,UP,UP,S_UPH_V1,40,Veg
1256,2021-09-29 17:13:38,11.92,UP,UP,S_UPH_V1,40,Veg
1257,2021-09-29 18:13:38,10.81,UP,UP,S_UPH_V1,40,Veg
1258,2021-09-29 19:13:38,9.78,UP,UP,S_UPH_V1,40,Veg
1259,2021-09-29 20:13:38,9.35,UP,UP,S_UPH_V1,40,Veg
1260,2021-09-29 21:13:38,9.48,UP,UP,S_UPH_V1,40,Veg
1261,2021-09-29 22:13:38,9.18,UP,UP,S_UPH_V1,40,Veg
1262,2021-09-29 23:13:38,8.75,UP,UP,S_UPH_V1,40,Veg
1263,2021-09-30 0:13:38,9.05,UP,UP,S_UPH_V1,40,Veg
1264,2021-09-30 1:13:38,8.58,UP,UP,S_UPH_V1,40,Veg
1265,2021-09-30 2:13:38,8.96,UP,UP,S_UPH_V1,40,Veg
1266,2021-09-30 3:13:38,9.09,UP,UP,S_UPH_V1,40,Veg
1267,2021-09-30 4:13:38,8.19,UP,UP,S_UPH_V1,40,Veg
1268,2021-09-30 5:13:38,7.81,UP,UP,S_UPH_V1,40,Veg
1269,2021-09-30 6:13:38,8.53,UP,UP,S_UPH_V1,40,Veg
1270,2021-09-30 7:13:38,8.79,UP,UP,S_UPH_V1,40,Veg
1271,2021-09-30 8:13:38,8.92,UP,UP,S_UPH_V1,40,Veg
1272,2021-09-30 9:13:38,9.95,UP,UP,S_UPH_V1,40,Veg
1273,2021-09-30 10:13:38,10.16,UP,UP,S_UPH_V1,40,Veg
1274,2021-09-30 11:13:38,10.12,UP,UP,S_UPH_V1,40,Veg
1275,2021-09-30 12:13:38,11.15,UP,UP,S_UPH_V1,40,Veg
1276,2021-09-30 13:13:38,14.54,UP,UP,S_UPH_V1,40,Veg
1277,2021-09-30 14:13:38,17.07,UP,UP,S_UPH_V1,40,Veg
1278,2021-09-30 15:13:38,17.63,UP,UP,S_UPH_V1,40,Veg
1279,2021-09-30 16:13:38,19.00,UP,UP,S_UPH_V1,40,Veg
1280,2021-09-30 17:13:38,13.85,UP,UP,S_UPH_V1,40,Veg
1281,2021-09-30 18:13:38,12.18,UP,UP,S_UPH_V1,40,Veg
1282,2021-09-30 19:13:38,9.61,UP,UP,S_UPH_V1,40,Veg
1283,2021-09-30 20:13:38,9.14,UP,UP,S_UPH_V1,40,Veg
1284,2021-09-30 21:13:38,8.36,UP,UP,S_UPH_V1,40,Veg
1285,2021-09-30 22:13:38,7.85,UP,UP,S_UPH_V1,40,Veg
1286,2021-09-30 23:13:38,9.35,UP,UP,S_UPH_V1,40,Veg
1287,2021-10-01 0:13:38,8.71,UP,UP,S_UPH_V1,40,Veg
1288,2021-10-01 1:13:38,8.83,UP,UP,S_UPH_V1,40,Veg
1289,2021-10-01 2:13:38,8.28,UP,UP,S_UPH_V1,40,Veg
1290,2021-10-01 3:13:38,7.25,UP,UP,S_UPH_V1,40,Veg
1291,2021-10-01 4:13:38,7.76,UP,UP,S_UPH_V1,40,Veg
1292,2021-10-01 5:13:38,6.00,UP,UP,S_UPH_V1,40,Veg
1293,2021-10-01 6:13:38,7.81,UP,UP,S_UPH_V1,40,Veg
1294,2021-10-01 7:13:38,7.93,UP,UP,S_UPH_V1,40,Veg
1295,2021-10-01 8:13:38,9.82,UP,UP,S_UPH_V1,40,Veg
1296,2021-10-01 9:13:38,11.54,UP,UP,S_UPH_V1,40,Veg